rental_id,late_return,bike_age_months,distance_km,humidity_pct,ride_duration_min,temperature_c,wind_speed_mps,humidity_range_error,temperature_c_outlier,distance_km_outlier,ride_duration_min_outlier,avg_speed_kmh,speed_outlier,bad_weather,old_bike,station_zone_공원,station_zone_대학가,station_zone_도심,station_zone_주거,member_type_미상,member_type_연회원,member_type_월회원,member_type_일일권,weather_맑음,weather_미상,weather_비,weather_흐림
R0001,0,0.522602249999374,-0.027365182141488215,1.012738647103224,-0.1623210103757559,1.3344304841718102,1.7086567397594241,0,0,0,0,0.01776809225057872,0,1,1,1,0,0,0,0,0,0,1,0,0,1,0
R0002,0,0.9852855727923309,-0.5831870235946566,0.8455176513377017,-0.496396092661236,0.07138249370454389,0.9890341248846158,0,0,0,0,-0.2497987770550059,0,0,1,0,0,1,0,0,0,1,0,0,0,0,1
R0003,0,0.8002122436751481,-0.5549931620716697,-0.4295424413744018,-0.4700217440597508,-0.05184170048738467,-1.6016072886646944,0,0,0,0,-0.23421710373440535,0,0,1,1,0,0,0,0,0,0,1,1,0,0,0
R0004,0,-0.12515440191076557,0.5002627977886933,1.033641271573914,0.22889849387960887,0.8877427802260699,-0.8819846737898859,0,0,0,0,0.0824793392689025,0,0,0,1,0,0,0,0,1,0,0,0,0,0,1
R0005,0,1.8181155538196532,-0.23277760180896354,-1.1262965903974094,-0.2106739828118123,-1.515129006516535,-1.7455318116396559,0,0,0,0,-0.10314931247347268,0,0,1,1,0,0,0,0,0,1,0,1,0,0,0
R0006,1,-0.21769106646935696,0.11561797272508767,1.9185190408331336,0.41791465885692,0.918548828774052,2.2843548316592717,0,0,0,0,-0.17123664333671643,0,1,0,0,0,0,1,0,0,1,0,0,0,1,0
R0007,0,0.4300655854407826,-0.3133314918746401,0.03031529698078327,-0.3073799276839249,0.5180701976502843,0.7011850789346928,0,0,0,0,-0.10520408523058424,0,0,1,0,0,1,0,0,0,1,0,1,0,0,0
R0008,1,0.2449922563235999,-0.13812678098179354,1.6467849227141604,-0.24583978094712602,-1.4073078365985976,1.4208076938095013,0,0,0,0,-0.003459819974157,0,1,1,0,1,0,0,0,0,0,1,0,0,1,0
R0009,0,0.2449922563235999,-0.14215447548507737,1.4377586780072582,0.1585668976089814,-1.4535169094205707,0.6292228174472115,0,0,0,0,-0.21179851488687282,0,1,1,0,0,0,1,0,1,0,0,0,0,1,0
R0010,0,-0.032617737352174214,-0.26097146333195026,0.05818546294170347,-0.39969014778912343,0.009770396608579332,-1.24179598122729,0,0,0,0,0.02462366129000039,0,0,0,0,1,0,0,0,1,0,0,0,0,0,1
R0011,0,-0.7729110538209052,-0.3717330621722556,-1.3771280840456916,-0.1623210103757559,-1.6075471521604812,1.4927699552969818,0,0,0,0,-0.2326265749950953,0,0,0,0,0,0,1,0,0,1,0,1,0,0,0
R0012,0,-0.21769106646935696,-0.526799300548683,2.0021295387158946,-0.5491447898642066,0.30242785781440973,-0.9539469352773667,0,0,0,0,-0.13105222555386783,0,0,0,0,0,0,1,0,0,1,0,0,0,0,1
R0013,0,0.4300655854407826,-0.3596499786624041,-1.1053939659267187,-0.4612302945259223,1.3960425812677744,0.05352472554736497,0,0,0,0,-0.01625818278102206,0,0,1,0,1,0,0,0,1,0,0,1,0,0,0
R0014,0,1.077822237350922,-0.18041757326627372,-0.3807696509427911,-0.017262093067587043,0.7799216103081321,-0.8819846737898859,0,0,0,0,-0.16743530137910229,0,0,1,1,0,0,0,0,0,0,1,0,0,0,1
R0015,0,0.8002122436751481,-0.2831237831000114,-0.8406273892979761,-0.1623210103757559,0.5796822947462488,-0.6660978893274434,0,0,0,0,-0.16819753780907395,0,0,1,1,0,0,0,0,1,0,0,1,0,0,0
R0016,0,-0.5878377247037224,0.12770105623493908,0.4692704108652783,-0.03484499213524383,-0.5139324287071163,0.05352472554736497,0,0,0,0,0.034134157404702256,0,0,0,0,0,0,1,0,0,0,1,1,0,0,0
R0017,0,-0.3102277310279483,-0.0394482656513398,-1.8648559883617968,-0.17990390944341283,-0.036438676213393396,-0.8819846737898859,0,0,0,0,0.022016160636470113,0,0,0,0,0,0,1,0,0,0,1,1,0,0,0
R0018,0,-0.032617737352174214,-0.49256389727077043,-0.42257489988417163,-0.4568345697590081,-1.1762624724887318,-0.6660978893274434,0,0,0,0,-0.17208592126033112,0,0,0,0,0,0,1,0,1,0,0,1,0,0,0
R0019,1,0.522602249999374,10.988379284339782,-1.19597200529971,-0.496396092661236,1.0263699986919892,-0.5941356278399625,0,0,1,0,13.977250823520086,1,0,1,0,0,0,1,0,0,0,1,1,0,0,0
R0020,1,0.05991892720641715,0.03305023540776917,1.932454123813594,0.2596685672480083,-0.3599021859672058,2.1404303086843095,0,0,0,0,-0.15813439515381034,0,1,1,1,0,0,0,0,0,1,0,0,0,1,0
R0021,0,-0.8654477183794965,0.1679780012677774,-0.11600307431404841,0.03988232890229774,-0.945217108378866,-2.10534311907706,0,0,0,0,0.0123148508586584,0,0,0,0,1,0,0,0,0,1,0,1,0,0,0
R0022,0,-0.49530106014513103,0.4277642967295843,-0.6943090180031445,0.4223103836238341,-0.9606201326528567,-0.23432432040255835,0,0,0,0,-0.04019325375596818,0,0,0,0,1,0,0,0,1,0,0,1,0,0,0
R0023,0,-0.6803743892623138,-0.45228695223793214,-0.06723028388243768,-0.4480431202251797,0.9031458045000607,0.05352472554736497,0,0,0,0,-0.13387733693387543,0,0,0,0,1,0,0,0,0,1,0,1,0,0,0
R0024,0,0.6151389145579653,0.5224151175567542,-0.199613572196809,0.49264197989446157,0.6721004403901948,-0.16236205891507743,0,0,0,0,-0.0279572916030828,0,0,1,0,1,0,0,0,0,0,1,1,0,0,0
R0025,0,0.2449922563235999,-0.41603770170837767,1.7652331280480718,-0.34254572581923864,-1.1146503753927675,0.2694115100098077,0,0,0,0,-0.17457984995665465,0,1,1,0,0,1,0,0,1,0,0,0,0,1,0
R0026,0,-1.698277699406819,-0.0636144326710427,0.4692704108652783,-0.1623210103757559,-0.11345379758334867,-1.9614185961020985,0,0,0,0,-0.008589241143702802,0,0,0,0,0,0,1,0,0,1,0,1,0,0,0
R0027,0,0.522602249999374,1.18094316884366,2.615273189856141,1.2574980893375343,1.5500728240076849,-0.5221733663524817,1,0,1,1,-0.04308507008179812,0,0,1,0,0,1,0,0,0,0,1,0,0,0,1
R0028,0,-0.21769106646935696,1.321912476458594,1.096349144985985,8.910454908535176,1.319027459897819,-0.16236205891507743,0,0,1,1,-0.45320426478910497,0,0,0,0,0,1,0,0,0,0,1,0,0,0,1
R0029,0,-1.0505210474966793,-0.19048680952448335,-0.6873414765129142,-0.25023550571404013,-1.545935055064517,0.1974492485223268,0,0,0,0,-0.042620898518247,0,0,0,0,0,0,1,0,0,0,1,1,0,0,0
R0030,0,-0.3102277310279483,0.21228264080389944,0.11392579486354387,0.11021392517292519,0.7799216103081321,-0.01843753594011562,0,0,0,0,-0.0019999077951324616,0,0,0,0,0,1,0,0,0,1,0,0,0,0,1
R0031,0,-1.3281310411724534,-0.05958673816775887,0.3577897470215965,0.05746522796995468,-6.4594997984676645,-0.5941356278399625,0,1,0,0,-0.12820239396266656,0,0,0,0,1,0,0,0,0,0,1,0,0,0,1
R0032,0,0.2449922563235999,1.348092490729939,0.8246150268670117,1.1651878692323359,0.31783088208840043,-0.5221733663524817,0,0,1,1,0.02651786276261474,0,0,1,1,0,0,0,0,0,0,1,0,0,0,1
R0033,0,-0.21769106646935696,-0.3374976588943431,-0.2762565285893399,-0.31177565245083916,-0.43691730733716105,-0.5941356278399625,0,0,0,0,-0.1235557677253384,0,0,0,0,0,1,0,0,0,1,0,1,0,0,0
R0034,0,-1.0505210474966793,-0.2770822413450856,1.1520894769078254,-0.25023550571404013,1.9043423823094798,-0.6660978893274434,0,0,0,0,-0.11317175276438593,0,0,0,0,0,1,0,0,0,1,0,0,0,0,1
R0035,0,-0.21769106646935696,-0.5288131478003248,0.3926274544727469,-0.43046022115752286,0.16380063934848987,-0.01843753594011562,0,0,0,0,-0.23108027810263077,0,0,0,1,0,0,0,0,1,0,0,1,0,0,0
R0036,0,0.9852855727923309,-0.7080455531964552,-0.7500493499249848,-0.8040968263452308,0.379442979184365,-1.0978714582523283,0,0,0,0,-0.0870023079916902,0,0,1,0,1,0,0,0,1,0,0,1,0,0,0
R0037,0,-0.9579843829380879,-0.03743441839969793,-1.4049982500066123,-0.07001079027055755,0.5334732219242755,-0.23432432040255835,0,0,0,0,-0.04986541944634171,0,0,0,0,1,0,0,0,0,1,0,1,0,0,0
R0038,0,-1.513204370289636,0.34318271216062396,-0.9730106776123474,0.2772514663156653,-0.5909475500770716,0.6292228174472115,0,0,0,0,-0.017436457947377755,0,0,0,0,0,0,1,0,0,1,0,1,0,0,0
R0039,0,-0.12515440191076557,-0.40999615995345196,-0.3319968605111803,-0.32935855151849597,-0.3599021859672058,1.1329586478595777,0,0,0,0,-0.17735928357600508,0,0,0,0,0,1,0,0,0,0,1,1,0,0,0
R0040,0,0.15245559176500853,0.27068421110151497,2.615273189856141,0.09263102610526824,0.31783088208840043,0.1974492485223268,1,0,0,0,0.039912573176102036,0,0,1,1,0,0,0,0,0,1,0,1,0,0,0
R0041,0,2.003188882936836,0.08138256944717515,0.5528809087480394,0.0530695032030404,-0.02103565193940267,-0.23432432040255835,0,0,0,0,-0.04513433815492278,0,0,1,0,1,0,0,0,0,0,1,1,0,0,0
R0042,0,-0.032617737352174214,-0.3536084369074783,-1.1681018393387894,-0.5271661660296355,0.13299459080050788,-1.1698337197398092,0,0,0,0,0.07436385505674613,0,0,0,0,0,0,1,0,0,1,0,1,0,0,0
R0043,0,-0.8654477183794965,1.0943477370230579,-0.6664388520422242,0.8486956860145127,-0.5139324287071163,-1.4576827656897329,0,0,1,1,0.04970101540134266,0,0,0,0,0,0,1,0,0,1,0,1,0,0,0
R0044,0,0.4300655854407826,-0.2408329908155312,0.19056875125607528,-0.20627825804489802,-0.40611125878917903,0.1974492485223268,0,0,0,0,-0.11207172623147839,0,0,1,0,0,0,1,0,0,1,0,1,0,0,0
R0045,0,-1.6057410348482275,-0.3838161456821071,0.3577897470215965,-0.1930910837441555,-1.9156076376403024,-0.30628658189003927,0,0,0,0,-0.22801281458715772,0,0,0,0,0,1,0,0,0,1,0,0,0,0,1
R0046,0,0.6151389145579653,-0.1643067952531384,0.03031529698078327,-0.004074918766844377,-1.0530382782968033,0.12548698703484587,0,0,0,0,-0.16325059085068774,0,0,1,0,0,0,1,0,0,0,1,0,0,0,1
R0047,0,2.465872205729793,-0.5892285653495822,0.6155887821601095,-0.5271661660296355,1.6270879453776401,0.12548698703484587,0,0,0,0,-0.23501494177515964,0,0,1,0,0,0,1,0,0,0,1,0,0,0,1
R0048,0,-0.032617737352174214,-0.4301346324698711,-0.06723028388243768,-0.08759368933821433,0.7337125374861594,1.4208076938095013,0,0,0,0,-0.30096521116844577,0,0,0,0,0,0,1,0,0,1,0,1,0,0,0
R0049,0,0.8927489082337394,0.09346565295702655,-0.4643801488255522,0.0530695032030404,-0.49852940443312505,-0.23432432040255835,0,0,0,0,-0.038180488493452826,0,0,1,0,0,1,0,0,0,1,0,1,0,0,0
R0050,0,-1.235594376613862,-0.12201600296865821,-0.5549581881985429,-0.07880223980438594,-0.05184170048738467,-1.6735695501521752,0,0,0,0,-0.10045419094962527,0,0,0,0,0,1,0,0,1,0,0,0,1,0,0
R0051,0,-0.5878377247037224,-0.619436274124211,-0.6664388520422242,-0.43046022115752286,1.1033851200619444,0.7011850789346928,0,0,0,0,-0.3291295583293578,0,0,0,0,0,1,0,0,0,0,1,1,0,0,0
R0052,0,1.077822237350922,-0.19652835127940904,-0.6037309786301537,-0.4524388449920939,-0.5139324287071163,0.7011850789346928,0,0,0,0,0.15812089257512735,0,0,1,0,0,0,1,0,0,1,0,0,0,0,1
R0053,0,-1.7908143639654102,-0.3133314918746401,0.8873229002790828,-0.2722141295486112,0.5334732219242755,-0.45021110486500077,0,0,0,0,-0.12899805301633657,0,0,0,0,1,0,0,0,0,1,0,0,0,0,1
R0054,0,0.4300655854407826,-0.5127023697871895,-0.06723028388243768,-0.6282678356686624,0.7337125374861594,-0.8100224123024049,0,0,0,0,-0.005294574469417632,0,0,1,0,0,1,0,0,1,0,0,0,0,0,1
R0055,0,1.077822237350922,-0.47041157750270934,-0.3389644020014105,-0.535957615563464,-0.39070823451518777,1.060996386372097,0,0,0,0,-0.06900233699297174,0,0,1,0,0,1,0,0,0,1,0,1,0,0,0
R0056,0,0.7076755791165568,0.19214416828748038,1.2217648918101263,0.29483436538332203,-1.00682920547483,2.7161284005841564,0,0,0,0,-0.09568962448687432,0,0,1,0,0,0,1,0,0,1,0,0,0,0,1
R0057,0,-1.3281310411724534,-0.45027310498629025,1.848843625930833,-0.4084815973229518,-2.8551921183537567,1.34884543232202,0,1,0,0,-0.1629485987655974,0,1,0,1,0,0,0,0,0,1,0,0,0,1,0
R0058,0,-0.7729110538209052,0.29283653086957606,0.14179596082446458,0.3036258149171504,-0.05184170048738467,-0.16236205891507743,0,0,0,0,-0.05239777701365004,0,1,0,0,1,0,0,0,0,0,1,0,0,1,0
R0059,0,0.15245559176500853,-0.4482592577346483,-1.1262965903974094,-0.3601286248868955,-0.29829008887124175,-2.177305380564541,0,0,0,0,-0.19386945591414237,0,0,1,0,0,0,1,0,0,1,0,1,0,0,0
R0060,0,-0.5878377247037224,-0.5791593290913727,-1.6906674511060449,-0.5711234136987776,0.441055076280329,-0.8100224123024049,0,0,0,0,-0.1828405008058969,0,0,0,0,0,0,1,0,0,1,0,1,0,0,0
R0061,0,-0.49530106014513103,-0.2227083655507539,-0.4643801488255522,-0.3557329001199813,0.17920366362248116,-0.9539469352773667,0,0,0,0,0.01820119397301994,0,0,0,0,0,0,1,0,0,1,0,1,0,0,0
R0062,0,-0.4027643955865397,0.572761298847802,-0.03936011792151748,0.5234120532628611,0.8415337074040966,-1.9614185961020985,0,0,0,0,-0.01943017164310521,0,0,0,0,0,1,0,0,0,0,1,1,0,0,0
R0063,0,-0.49530106014513103,-0.49256389727077043,-0.5897958956496933,-0.3249628267515818,1.796521212391542,-1.7455318116396559,0,0,0,0,-0.2550332566278178,0,0,0,0,1,0,0,0,0,1,0,1,0,0,0
R0064,0,1.3554322310266962,-0.5650623983298794,0.8280987976121266,8.062080028520732,0.9801609258700159,-1.1698337197398092,0,0,0,1,-0.5649912250371316,0,0,1,0,1,0,0,0,0,0,1,0,0,0,1
R0065,0,0.6151389145579653,-0.36770536766897177,0.3856599129825172,-0.01286636830067277,-1.222471545310705,0.7731473404221734,0,0,0,0,-0.2844626640038488,0,0,1,0,0,1,0,0,0,1,0,0,0,0,1
R0066,0,-0.49530106014513103,-0.3254145753844916,-1.746407783027886,-0.16671673514267019,1.5808788725556675,-1.0259091967648475,0,0,0,0,-0.19686608482231344,0,0,0,0,0,0,1,0,0,0,1,1,0,0,0
R0067,0,-0.5878377247037224,-0.48249466101256083,-0.04632765941174766,-0.4084815973229518,-1.1608594482147405,-0.45021110486500077,0,0,0,0,-0.19646972021063225,0,0,0,0,0,0,1,0,0,1,0,0,0,0,1
R0068,0,0.2449922563235999,-0.3314561171394173,-0.24141882113818955,-0.3161713772177534,-0.3599021859672058,-1.0978714582523283,0,0,0,0,-0.11509497796099243,0,0,1,1,0,0,0,0,0,0,1,1,0,0,0
R0069,0,0.05991892720641715,0.018953304646275714,-0.5061853977669322,0.07504812703761146,0.348636930636383,-1.7455318116396559,0,0,0,0,-0.09154162652070533,0,0,1,0,0,0,1,0,1,0,0,1,0,0,0
R0070,0,0.6151389145579653,-0.5066608280322639,0.6086212406698798,-0.4216687716236945,-0.08264774903536667,-0.30628658189003927,0,0,0,0,-0.21304881816942156,0,0,1,0,1,0,0,0,0,0,1,0,0,0,1
R0071,0,0.4300655854407826,-0.05958673816775887,0.5668159917284987,-0.15792528560884178,-0.6371566228990448,-1.0259091967648475,0,0,0,0,-0.008753680835110906,0,0,1,1,0,0,0,0,0,1,0,0,0,0,1
R0072,0,2.373335541171201,0.7781737185152772,-1.3562254595750016,0.7871555392777139,1.3652365327197924,1.34884543232202,0,0,0,0,-0.034596891839552765,0,0,1,0,0,1,0,0,0,1,0,1,0,0,0
R0073,0,0.05991892720641715,-0.5549931620716697,-1.3283552936140814,-0.8040968263452308,-0.40611125878917903,-1.24179598122729,0,0,0,0,0.430480004316036,0,0,1,0,0,1,0,0,0,0,1,1,0,0,0
R0074,0,0.6151389145579653,-0.5570070093233117,-0.2901916115698003,-0.3161713772177534,2.0737756493233803,-1.24179598122729,0,0,0,0,-0.3171096833582226,0,0,1,0,0,1,0,0,0,1,0,1,0,0,0
R0075,0,0.8002122436751481,0.1800610847776288,-0.06723028388243768,0.07944385180452573,-0.15966287040532195,0.7011850789346928,0,0,0,0,-0.0031755979776574997,0,0,1,1,0,0,0,0,1,0,0,1,0,0,0
R0076,0,-1.235594376613862,-0.12402985022030018,0.9848684811423033,-0.07440651503747167,-1.1762624724887318,1.2049209093470588,0,0,0,0,-0.10412391234627648,0,1,0,0,0,1,0,0,1,0,0,0,0,1,0
R0077,0,-0.4027643955865397,-0.2065975875376186,-0.44347752435486165,-0.11396803793969966,1.6116849211036488,-0.45021110486500077,0,0,0,0,-0.13888187991086573,0,0,0,0,0,1,0,0,0,1,0,1,0,0,0
R0078,0,0.8002122436751481,0.049161013420904495,0.28114679062906606,0.3343958882855499,1.0879820957879531,-2.177305380564541,0,0,0,0,-0.17506356928785177,0,0,1,0,0,1,0,0,0,0,1,0,0,0,1
R0079,0,0.7076755791165568,0.5063043395436189,0.8524851928279324,0.46187190652606197,-0.7603808170909735,-1.6016072886646944,0,0,0,0,-0.02273220052600013,0,0,1,0,0,1,0,0,0,0,1,0,0,0,1
R0080,0,-1.3281310411724534,-0.4140238544567358,0.33688712255090647,-0.5623319641649492,0.48726414910230226,-0.5941356278399625,0,0,0,0,0.043801739094404005,0,0,0,0,0,0,1,0,0,1,0,0,0,0,1
R0081,0,1.262895566468105,-0.3596499786624041,-1.2795825031824706,-0.5007918174281503,0.16380063934848987,-1.3857205042022518,0,0,0,0,0.030624345083569135,0,0,1,0,0,1,0,0,0,0,1,1,0,0,0
R0082,0,0.7076755791165568,-0.4422177159797226,-0.03936011792151748,-0.47441746882666497,0.21000971217046316,0.12548698703484587,0,0,0,0,-0.0985479659894027,0,0,1,0,1,0,0,0,0,0,1,0,0,0,1
R0083,1,-0.3102277310279483,1.184970863346944,1.5771095078118595,1.231123740736049,-1.6999652978044275,-0.09039979742759652,0,0,1,1,-0.03554917758775401,0,1,0,0,0,1,0,0,0,0,1,0,0,1,0
R0084,0,-1.513204370289636,-0.01125440412835289,0.538945825767579,0.04427805366921201,-0.40611125878917903,0.05352472554736497,0,0,0,0,-0.09427885507575522,0,0,0,1,0,0,0,0,0,1,0,0,0,0,1
R0085,0,0.522602249999374,-0.12402985022030018,-0.6803739350226841,-0.3249628267515818,1.0725790715139625,1.1329586478595777,0,0,0,0,0.07947491416806304,0,0,1,1,0,0,0,0,1,0,0,1,0,0,0
R0086,0,-0.4027643955865397,-0.047503654657907464,-0.6664388520422242,-0.01286636830067277,0.11759156652651716,0.2694115100098077,0,0,0,0,-0.08762130597291946,0,0,0,0,1,0,0,0,1,0,0,0,0,0,1
R0087,0,-1.698277699406819,0.06929948593732356,-1.4537710404382225,-0.12715521224044232,1.319027459897819,-1.0259091967648475,0,0,0,0,0.06033835580835289,0,0,0,0,1,0,0,0,0,0,1,1,0,0,0
R0088,0,-0.9579843829380879,-0.06965597442596849,-0.5619257296887731,0.013507980300812563,-0.40611125878917903,-0.01843753594011562,0,0,0,0,-0.11405744984382915,0,0,0,1,0,0,0,0,0,1,0,1,0,0,0
R0089,0,-0.8654477183794965,-0.128057544723584,-0.35289948498187085,-0.38210724872146656,-2.1312499774761773,0.8451096019096547,0,0,0,0,0.13889554351106329,0,0,0,1,0,0,0,0,0,1,0,1,0,0,0
R0090,0,-1.975887693082593,0.8486583723227444,-1.8091156564399564,0.6816581448717726,0.055979469430552604,0.7011850789346928,0,0,0,0,0.02550794412032806,0,0,0,0,0,0,1,0,0,1,0,1,0,0,0
R0091,0,0.2449922563235999,-0.21666682379582822,0.5598484502382691,-0.10517658840587127,-0.09805077330935795,-0.09039979742759652,0,0,0,0,-0.15019920238684825,0,0,1,1,0,0,0,0,0,0,1,0,0,0,1
R0092,0,1.3554322310266962,0.7580352459988582,-0.6106985201203833,0.6069308238342311,0.3332339063623917,-0.23432432040255835,0,0,0,0,0.020262669049206372,0,0,1,0,1,0,0,0,0,0,1,1,0,0,0
R0093,0,0.4300655854407826,-0.043475960154623544,1.5840770493020904,-0.008470643533758496,-0.976023156926848,0.6292228174472115,0,0,0,0,-0.0874028360971915,0,1,1,0,0,0,1,0,0,0,1,0,0,1,0
R0094,0,0.8002122436751481,-0.22069451829911205,-0.3319968605111803,-0.39969014778912343,-1.314889690954651,-1.0978714582523283,0,0,0,0,0.06589019337195619,0,0,1,0,0,0,1,0,0,0,1,1,0,0,0
R0095,0,-1.698277699406819,-0.20458374028597673,0.6852641970624103,-0.24583978094712602,0.13299459080050788,-0.01843753594011562,0,0,0,0,-0.057279285168468246,0,0,0,0,0,1,0,0,0,0,1,1,0,0,0
R0096,0,-1.3281310411724534,0.23644880782360245,1.8558111674210627,0.18933697097738103,-0.8990080355568927,-0.16236205891507743,0,0,0,0,-0.029100399085869283,0,0,0,1,0,0,0,0,1,0,0,0,0,0,1
R0097,0,-0.9579843829380879,1.2171924193732144,2.078772495108425,1.354204034209647,-0.43691730733716105,1.852581262734386,0,0,1,1,-0.05626573591810464,0,1,0,0,0,0,1,0,1,0,0,0,0,1,0
R0098,0,-0.9579843829380879,-0.2690268523385179,1.270537682241737,-0.19748680851106962,-0.12885682185733996,1.7086567397594241,0,0,0,0,-0.1387964424435427,0,1,0,0,0,1,0,0,1,0,0,0,0,1,0
R0099,0,-0.3102277310279483,0.08541026395045889,2.169350534481416,0.04427805366921201,-1.222471545310705,1.34884543232202,0,0,0,0,-0.03817054021067544,0,1,0,0,0,1,0,0,0,0,1,0,0,1,0
R0100,0,-0.12515440191076557,-0.14416832273671934,-0.004522410470367105,-0.20627825804489802,-0.5293354529811076,1.4927699552969818,0,0,0,0,-0.03779196848395788,0,0,0,1,0,0,0,0,0,0,1,1,0,0,0
R0101,0,1.3554322310266962,-0.2287499073056797,-0.32502931902095067,-0.43046022115752286,0.348636930636383,-1.1698337197398092,0,0,0,0,0.0935717830925321,0,0,1,0,0,1,0,0,0,1,0,1,0,0,0
R0102,0,-0.9579843829380879,-0.4482592577346483,-0.3668345679623307,-0.3249628267515818,1.4114456055417657,0.4852982944722501,0,0,0,0,-0.21481915959224737,0,0,0,1,0,0,0,0,1,0,0,1,0,0,0
R0103,0,-1.4206677057310448,-0.06764212717432654,0.14876350231469423,0.022299429834640956,0.24081576071844515,-0.8819846737898859,0,0,0,0,-0.11698570143334276,0,0,0,0,0,0,1,0,1,0,0,0,0,0,1
R0104,0,-1.3281310411724534,-0.4905500500191285,-0.06723028388243768,-0.2722141295486112,-0.14425984613133122,0.557260555959731,0,0,0,0,-0.27786514514801314,0,0,0,0,0,1,0,0,0,1,0,1,0,0,0
R0105,0,-0.032617737352174214,0.08339641669881702,-0.02542503494105713,-0.24583978094712602,-0.12885682185733996,-1.3857205042022518,0,0,0,0,0.17593839734021396,0,0,0,0,0,0,1,0,0,1,0,1,0,0,0
R0106,0,-0.21769106646935696,0.38950119894838786,-1.8230507394204167,0.3036258149171504,-0.17506589467931322,1.4927699552969818,0,0,0,0,-0.007626416179528164,0,0,0,0,1,0,0,1,0,0,0,1,0,0,0
R0107,0,0.05991892720641715,-0.21868067104747008,-0.4016722754134811,0.0047165307669840145,0.6875034646641861,-0.6660978893274434,0,0,0,0,-0.19983679714149508,0,0,1,0,0,1,0,0,0,1,0,1,0,0,0
R0108,0,0.05991892720641715,-0.478466966509277,0.28811433211929577,-0.4524388449920939,0.9647579015960251,-1.0259091967648475,0,0,0,0,-0.15963140445593246,0,0,1,0,0,1,0,0,0,1,0,1,0,0,0
R0109,0,-1.4206677057310448,0.44387507474271964,0.33688712255090647,0.5805564752327458,0.9031458045000607,0.7731473404221734,0,0,0,0,-0.08920803319240878,0,0,0,0,0,0,1,0,1,0,0,1,0,0,0
R0110,0,-0.21769106646935696,0.7560213987472163,0.16966612678538526,0.5893479247665744,-0.26748404032325923,-1.313758242714771,0,0,0,0,0.0262708547974733,0,0,0,0,1,0,0,0,0,1,0,1,0,0,0
R0111,0,0.4300655854407826,-0.4764531192576351,-1.2935175861629309,8.945620706670491,-0.5601415015290896,0.1974492485223268,0,0,0,1,-0.5613811975444944,0,0,1,0,0,0,1,0,0,0,1,1,0,0,0
R0112,0,0.4300655854407826,0.3572796429221172,0.5041081183164287,0.18933697097738103,-0.17506589467931322,0.2694115100098077,0,0,0,0,0.03233398702110256,0,0,1,0,0,0,1,0,0,1,0,0,0,0,1
R0113,0,-1.7908143639654102,0.04110562441433683,0.36475728851182715,0.1981284205112094,0.07138249370454389,-0.6660978893274434,0,0,0,0,-0.131819609587862,0,0,0,0,1,0,0,0,0,1,0,0,0,0,1
R0114,0,0.8927489082337394,-0.3878438401853909,0.7549396119647109,-0.5271661660296355,-0.4677233558851431,0.4852982944722501,0,0,0,0,0.029411380303392198,0,0,1,0,0,1,0,0,0,1,0,0,0,0,1
R0115,0,1.8181155538196532,0.5606782153379507,0.35082220553136684,0.47505908082680476,-0.5293354529811076,0.12548698703484587,0,0,0,0,-0.005603138417764511,0,0,1,0,0,0,1,0,1,0,0,1,0,0,0
R0116,0,1.1703589019095135,0.024994846401201504,-0.0881329083531277,-0.021657817834501162,-0.05184170048738467,0.9890341248846158,0,0,0,0,-0.03809010971344908,0,0,1,0,0,0,1,0,0,1,0,1,0,0,0
R0117,0,-1.3281310411724534,-0.5127023697871895,-0.10206799133358806,-0.39089869825529494,-0.11345379758334867,-1.5296450271772133,0,0,0,0,-0.2385274705311284,0,0,0,1,0,0,0,0,0,1,0,1,0,0,0
R0118,0,-0.032617737352174214,-0.3254145753844916,0.2950818736095264,-0.100780863638957,2.181596819241318,-1.313758242714771,0,0,0,0,-0.2259054549795535,0,0,0,1,0,0,0,0,0,1,0,0,0,0,1
R0119,0,-1.1430577120552707,0.09547950020866842,0.7897773194158614,-0.17111245990958446,-0.6525596471730356,-0.738060150814924,0,0,0,0,0.1146026431991345,0,0,0,0,0,1,0,0,1,0,0,1,0,0,0
R0120,0,-0.9579843829380879,-0.4462454104830064,-1.3492579180847715,-0.7513481291422603,-0.3444991616932145,1.6366944782719437,0,0,0,0,0.4791903839158521,0,0,0,0,0,0,1,1,0,0,0,1,0,0,0
R0121,0,0.2449922563235999,-0.19451450402776718,0.1348284193342349,-0.1623210103757559,0.5796822947462488,0.4852982944722501,0,0,0,0,-0.10376850062305257,0,0,1,0,0,1,0,0,0,0,1,0,0,0,1
R0122,1,1.4479688955852876,0.06728563868568169,-1.6349271191842045,-0.15792528560884178,1.4730577026377296,0.12548698703484587,0,0,0,0,0.0830036669706497,0,0,1,1,0,0,0,0,0,0,1,1,0,0,0
R0123,0,-0.3102277310279483,-0.03139287664477214,0.5668159917284987,0.18933697097738103,-0.4677233558851431,0.4852982944722501,0,0,0,0,-0.16527995495632353,0,0,0,1,0,0,0,0,0,1,0,1,0,0,0
R0124,0,0.3375289208821913,-0.2710406995901599,-0.24838636262841973,-0.10957231317278539,4.6152746545319046,1.4927699552969818,0,1,0,0,-0.18514787679327516,0,0,1,0,0,0,1,0,1,0,0,0,0,0,1
R0125,0,2.28079887661261,-0.4200653962116615,1.2008622673394362,-0.5315618907965498,-0.3136931131452325,-0.30628658189003927,0,0,0,0,-0.007297214996924184,0,0,1,0,0,0,1,0,1,0,0,0,0,0,1
R0126,0,-0.4027643955865397,-0.08979444694238765,0.9151930662400025,-0.18429963421032697,-0.7757838413649641,1.564732216784463,0,0,0,0,-0.01225402691031106,0,1,0,0,0,0,1,0,0,1,0,0,0,1,0
R0127,0,2.1882622120540187,-0.5207577587937572,-0.7012765594933746,-0.2722141295486112,-0.7757838413649641,0.8451096019096547,0,0,0,0,-0.3032402176704581,0,0,1,0,0,0,1,0,1,0,0,0,0,0,1
R0128,0,-0.12515440191076557,-0.5147162170388315,0.6016536991796492,-0.412877322089866,-1.561338079338508,-0.37824884337751985,0,0,0,0,-0.22724613742882077,0,0,0,0,0,1,0,1,0,0,0,0,0,0,1
R0129,1,-0.8654477183794965,0.8969907063621501,2.232058407893487,0.7783640897438853,0.5026671733762935,0.1974492485223268,0,0,0,0,0.008323381117627744,0,0,0,0,0,1,0,0,1,0,0,0,0,0,1
R0130,0,0.9852855727923309,0.19214416828748038,-0.47134769031578183,0.11021392517292519,-0.29829008887124175,-1.0259091967648475,0,0,0,0,-0.012982130042749668,0,0,1,0,1,0,0,0,0,1,0,1,0,0,0
R0131,0,0.522602249999374,-0.432148479721513,-0.6246336031008437,-0.6458507347363193,-0.005632627665411396,0.05352472554736497,0,0,0,0,0.16851354289155696,0,0,1,1,0,0,0,0,1,0,0,1,0,0,0
R0132,0,1.077822237350922,-0.4905500500191285,0.7688746949451714,-0.38210724872146656,-0.11345379758334867,-0.30628658189003927,0,0,0,0,-0.22157975144013903,0,0,1,0,1,0,0,0,0,1,0,0,1,0,0
R0133,0,0.6151389145579653,-0.22069451829911205,1.1451219354175957,-0.2766098543155255,0.3640399549103737,-1.24179598122729,0,0,0,0,-0.04785068567893458,0,0,1,0,1,0,0,0,1,0,0,0,0,0,1
R0134,0,0.15245559176500853,0.12165951448001329,0.051217921451473795,-0.1535295608419275,-0.8219929141869374,0.12548698703484587,0,0,0,0,0.11857087262551674,0,0,1,0,0,0,1,0,1,0,0,1,0,0,0
R0135,0,-0.8654477183794965,0.04110562441433683,0.8037124023963217,0.2992300901502363,-1.561338079338508,0.3413737714972886,0,0,0,0,-0.16756351260714963,0,1,0,0,0,0,1,0,0,0,1,0,0,1,0
R0136,0,0.3375289208821913,0.10353488921523608,-0.32502931902095067,0.01790370506772668,-0.6833656957210181,0.2694115100098077,0,0,0,0,-0.012943426175797768,0,0,1,0,0,1,0,0,0,0,1,1,0,0,0
R0137,0,-0.5878377247037224,-0.023337487638204472,0.6817804263172954,0.2069198700450378,-0.5062309165701206,0.3413737714972886,0,0,0,0,-0.16744911970034743,0,1,0,0,0,0,1,0,0,0,1,0,0,1,0
R0138,0,0.15245559176500853,-0.3556222841591203,-0.2901916115698003,-0.4524388449920939,-1.222471545310705,-1.313758242714771,0,0,0,0,-0.02118218932097069,0,0,1,0,0,0,1,0,0,1,0,0,0,0,1
R0139,0,2.558408870288384,0.4237366022263004,1.632849839733701,0.38714458548852054,-0.7911868656389555,0.8451096019096547,0,0,0,0,-0.027954677415707056,0,1,1,0,0,1,0,0,0,1,0,0,0,1,0
R0140,0,0.2449922563235999,-0.4200653962116615,0.28114679062906606,-0.33815000105232446,0.7491155617601502,0.2694115100098077,0,0,0,0,-0.1811154394117506,0,0,1,0,0,0,1,0,0,0,1,1,0,0,0
R0141,0,1.6330422247024703,0.2263795715653929,-1.8160831979301866,0.24648139294726565,-0.17506589467931322,-1.3857205042022518,0,0,0,0,-0.059839611632583424,0,0,1,0,1,0,0,0,0,0,1,1,0,0,0
R0142,0,0.522602249999374,0.2646426693465892,-0.8615300137686661,0.16735834714280998,0.3948460034583557,-0.09039979742759652,0,0,0,0,-0.003859732405648501,0,0,1,0,0,1,0,0,1,0,0,0,0,0,1
R0143,0,1.3554322310266962,-0.5771454818397308,-1.3422903765945413,-0.1623210103757559,-0.08264774903536667,-0.5941356278399625,0,0,0,0,-0.38198479756269027,0,0,1,0,0,0,1,0,0,1,0,0,1,0,0
R0144,0,-0.49530106014513103,-0.5086746752839058,1.848843625930833,-0.28540130384935386,1.319027459897819,1.852581262734386,0,0,0,0,-0.28756548932747944,0,1,0,0,1,0,0,0,1,0,0,0,0,1,0
R0145,0,-1.1430577120552707,-0.5207577587937572,-1.5025438308698333,-0.47441746882666497,0.2716218092664277,1.1329586478595777,0,0,0,0,-0.190913229971102,0,0,0,0,1,0,0,0,0,0,1,1,0,0,0
R0146,0,-0.49530106014513103,0.8385891360645348,1.7931032940089926,0.8047384383453706,-0.29829008887124175,1.2049209093470588,0,0,0,0,-0.01988524116982343,0,1,0,0,1,0,0,0,0,1,0,0,0,1,0
R0147,0,-0.49530106014513103,0.4378335329877938,0.538945825767579,0.48824625512754727,1.2112062899798817,-0.23432432040255835,0,0,0,0,-0.06054107093782049,0,0,0,0,1,0,0,0,0,0,1,0,0,0,1
R0148,0,-0.7729110538209052,-0.385829992933749,-1.0566211754951085,-0.21506970757872657,-0.7295747685429909,-1.7455318116396559,0,0,0,0,-0.21934692234625228,0,0,0,0,1,0,0,0,1,0,0,0,0,0,1
R0149,0,1.4479688955852876,-0.08979444694238765,0.08605562890262416,-0.13594666177427073,-1.6537562249824544,0.05352472554736497,0,0,0,0,-0.04501361159830012,0,0,1,0,1,0,0,0,0,0,1,0,0,0,1
R0150,0,-1.1430577120552707,-0.3717330621722556,-1.0705562584755683,-0.1623210103757559,-0.4215142830631698,1.9245435242218674,0,0,0,0,-0.2326265749950953,0,0,0,1,0,0,0,0,0,0,1,0,1,0,0
R0151,0,0.05991892720641715,-0.0756975161808942,-1.3771280840456916,-0.05682361596981488,0.48726414910230226,-0.23432432040255835,0,0,0,0,-0.08213875242488816,0,0,1,0,1,0,0,0,1,0,0,1,0,0,0
R0152,0,-0.5878377247037224,-0.6053393433627176,-1.014815926553728,-0.5843105879995203,0.2870248335404184,-0.16236205891507743,0,0,0,0,-0.20880735518692975,0,0,0,1,0,0,0,0,0,1,0,1,0,0,0
R0153,0,0.8002122436751481,0.11763181997672954,-0.06723028388243768,0.14977544807515303,-0.5755445258030804,-1.0978714582523283,0,0,0,0,-0.07219211893885288,0,0,1,1,0,0,0,0,0,1,0,1,0,0,0
R0154,0,-1.235594376613862,-0.6516578301504816,1.6467849227141604,-0.5051875421950645,-1.0838443268447853,0.2694115100098077,0,0,0,0,-0.3293514805685541,0,1,0,0,0,0,1,0,1,0,0,0,0,1,0
R0155,0,1.3554322310266962,0.3512381011671916,-0.06723028388243768,0.38714458548852054,-0.43691730733716105,-0.8100224123024049,0,0,0,0,-0.059481777167066166,0,0,1,0,0,0,1,0,0,0,1,0,0,0,1
R0156,0,0.6151389145579653,0.19818571004240618,0.05818546294170347,0.2596685672480083,1.3036244356238282,0.12548698703484587,0,0,0,0,-0.07893777400929086,0,0,1,1,0,0,0,0,0,1,0,1,0,0,0
R0157,0,-1.975887693082593,-0.3556222841591203,0.8315825683572424,-0.28540130384935386,1.5962818968296586,-0.23432432040255835,0,0,0,0,-0.15655730899640957,0,0,0,0,1,0,0,0,1,0,0,0,0,0,1
R0158,0,2.095725547495427,-0.4945777445224123,-0.35289948498187085,-0.4700217440597508,1.1187881443359358,-0.8100224123024049,0,0,0,0,-0.16377940242210143,0,0,1,0,0,0,1,0,0,1,0,1,0,0,0
R0159,1,-1.1430577120552707,2.5825808559864325,2.120577744049806,2.8487504549604785,-0.8836050112829015,0.557260555959731,0,0,1,1,-0.050283859431212316,0,1,0,1,0,0,0,0,1,0,0,0,0,1,0
R0160,0,0.3375289208821913,0.14783952875135833,0.4692704108652783,-0.008470643533758496,0.10218854225252588,-0.9539469352773667,0,0,0,0,0.02967461012627593,0,0,1,0,0,1,0,0,1,0,0,0,0,0,1
R0161,0,-0.7729110538209052,-0.13611293373015168,0.10695825337331419,-0.13155093700735646,-0.49852940443312505,-0.6660978893274434,0,0,0,0,-0.08026388955354073,0,0,0,0,0,1,0,0,0,0,1,0,0,0,1
R0162,0,0.8002122436751481,-0.4643700357477836,0.6713291140819498,-0.43046022115752286,-0.12885682185733996,-0.5221733663524817,0,0,0,0,-0.1613563454969582,0,0,1,1,0,0,0,0,1,0,0,0,0,0,1
R0163,0,-0.49530106014513103,-0.45631464674121597,1.5213691758900192,-0.3777115239545524,0.055979469430552604,-0.37824884337751985,0,0,0,0,-0.1904291896582651,0,0,0,0,0,0,1,0,0,1,0,0,0,0,1
R0164,0,1.262895566468105,0.13374259798986488,-1.4607385819284526,-0.100780863638957,-0.8219929141869374,-0.30628658189003927,0,0,0,0,0.08458393240508219,0,0,1,0,0,0,1,0,0,0,1,1,0,0,0
R0165,0,-0.7729110538209052,-0.49256389727077043,-0.06723028388243768,-0.4656260192928366,-0.09805077330935795,-0.5221733663524817,0,0,0,0,-0.16504366885591198,0,0,0,1,0,0,0,0,0,1,0,1,0,0,0
R0166,0,-0.032617737352174214,0.11763181997672954,1.2426675162808163,0.009112255533898288,0.8261306831301054,0.7731473404221734,0,0,0,0,0.0006065396183020872,0,1,0,0,0,1,0,0,0,1,0,0,0,1,0
R0167,0,-0.3102277310279483,0.2847811418630084,0.8873229002790828,0.21131559481195208,-1.1454564239407496,0.05352472554736497,0,0,0,0,-0.015219099297615028,0,0,0,1,0,0,0,0,0,1,0,0,0,0,1
R0168,0,0.8002122436751481,-0.07368366892925232,0.20450383423653565,-0.07001079027055755,-0.036438676213393396,-0.6660978893274434,0,0,0,0,-0.07354882046729022,0,0,1,0,0,1,0,0,1,0,0,0,0,0,1
R0169,0,-1.6057410348482275,-0.6355470521373463,0.5668159917284987,-0.4612302945259223,-0.09805077330935795,0.4852982944722501,0,0,0,0,-0.33247172776834794,0,0,0,1,0,0,0,0,0,1,0,1,0,0,0
R0170,1,0.7076755791165568,0.16999184851941926,-1.6279595776939744,0.23329421864652314,-1.284083642406669,1.6366944782719437,0,0,0,0,-0.08177222359956404,0,0,1,0,0,1,0,0,1,0,0,1,0,0,0
R0171,0,1.1703589019095135,-0.43416232697315493,2.615273189856141,-0.43485594592443705,0.055979469430552604,-0.9539469352773667,1,0,0,0,-0.12500079696844602,0,0,1,0,1,0,0,0,0,1,0,1,0,0,0
R0172,0,0.522602249999374,-0.4945777445224123,1.9254865823233633,-0.18869535897724124,0.009770396608579332,1.852581262734386,0,0,0,0,-0.313211681354278,0,1,1,0,0,1,0,0,0,1,0,0,0,1,0
R0173,0,-1.235594376613862,0.031036388156127297,-1.6070569532232843,-0.14034238654118483,-0.976023156926848,-0.8819846737898859,0,0,0,0,0.04336644484031272,0,0,0,1,0,0,0,1,0,0,0,1,0,0,0
R0174,0,-0.3102277310279483,-0.23881914356388925,2.3226364472664778,10.681931989601605,-1.1454564239407496,0.9170718633971352,0,0,0,1,-0.5526434810414573,0,0,0,0,1,0,0,0,0,0,1,0,1,0,0
R0175,0,-0.8654477183794965,-0.09382214144567148,-1.3353228351043116,0.04867377843612613,0.3332339063623917,1.852581262734386,0,0,0,0,-0.14409296795276516,0,0,0,0,1,0,0,0,0,1,0,1,0,0,0
R0176,0,0.4300655854407826,-0.08173905793581998,-0.7500493499249848,-0.23704833141329762,-0.4677233558851431,0.9170718633971352,0,0,0,0,0.034793785912565295,0,0,1,0,1,0,0,0,0,0,1,1,0,0,0
R0177,0,-0.4027643955865397,-0.15423755899492886,-0.7639844329054452,-0.21946543234564067,0.21000971217046316,-1.7455318116396559,0,0,0,0,-0.03619080318569122,0,0,0,0,1,0,0,0,1,0,0,1,0,0,0
R0178,0,-0.032617737352174214,-0.019309793134920553,-0.3668345679623307,-0.15792528560884178,-0.5909475500770716,0.12548698703484587,0,0,0,0,0.020375635928622658,0,0,0,0,0,1,0,0,0,0,1,1,0,0,0
R0179,0,-1.235594376613862,-0.2770822413450856,-0.5828283541594631,-0.26781840478169705,-1.1454564239407496,0.8451096019096547,0,0,0,0,-0.10154493957538674,0,0,0,0,1,0,0,0,0,1,0,1,0,0,0
R0180,0,-0.4027643955865397,0.020967151897917584,0.26024416615837603,0.12779682424058197,-0.23667799177527724,-0.8819846737898859,0,0,0,0,-0.11391398212799428,0,0,0,1,0,0,0,0,1,0,0,1,0,0,0
R0181,0,-0.5878377247037224,-0.22069451829911205,0.19056875125607528,-0.2897970286162681,0.07138249370454389,-2.10534311907706,0,0,0,0,-0.037604692024668734,0,0,0,0,0,1,0,0,1,0,0,0,0,0,1
R0182,0,-0.7729110538209052,0.10152104196359421,-1.0496536340048783,0.17175407190972408,0.25621878499243644,-0.738060150814924,0,0,0,0,-0.09027685456414768,0,0,0,0,0,0,1,0,0,0,1,1,0,0,0
R0183,0,-0.21769106646935696,0.7278275372242295,2.615273189856141,0.730011117307829,-0.14425984613133122,0.4852982944722501,1,0,0,0,-0.03373824777140834,0,0,0,0,1,0,0,0,1,0,0,0,0,0,1
R0184,0,-0.7729110538209052,0.10957643097016188,1.4447262194974888,0.24648139294726565,-1.037635254022812,0.2694115100098077,0,0,0,0,-0.11645906855363244,0,1,0,0,0,0,1,0,0,0,1,0,0,1,0
R0185,0,0.15245559176500853,-0.39791307644360047,0.36475728851182715,-0.29858847815009654,0.4564581005543203,0.3413737714972886,0,0,0,0,-0.18518337488538864,0,0,1,0,1,0,0,0,1,0,0,0,0,0,1
R0186,0,0.4300655854407826,0.19617186279076412,1.5283367173802498,0.13658827377441035,-2.7781769969838015,1.34884543232202,0,1,0,0,-0.024327543892256654,0,1,1,1,0,0,0,0,0,0,1,0,0,1,0
R0187,0,1.4479688955852876,-0.48853620276748655,-0.8754650967491265,-0.5315618907965498,0.8569367316780874,-0.5941356278399625,0,0,0,0,-0.09808358557722709,0,0,1,0,1,0,0,0,0,0,1,1,0,0,0
R0188,0,0.4300655854407826,0.29686422537285984,-0.18567848921634916,0.2508771177141799,-0.5139324287071163,0.3413737714972886,0,0,0,0,-0.027666930076706585,0,0,1,0,0,1,0,0,0,1,0,1,0,0,0
R0189,0,-0.032617737352174214,-0.2529160743253826,0.19753629274630496,-0.2018825332779839,1.9351484308574614,-0.738060150814924,0,0,0,0,-0.12397082584239817,0,0,0,0,1,0,0,0,1,0,0,0,0,0,1
R0190,0,2.743482199405567,0.1619364595128516,-0.13690569878473843,0.05746522796995468,0.3948460034583557,-2.177305380564541,0,0,0,0,-0.001255350354616064,0,0,1,0,0,0,1,0,0,0,1,1,0,0,0
R0191,0,0.8002122436751481,-0.5348546895552506,-0.06723028388243768,-0.6238721109017482,0.8107276588561146,-0.30628658189003927,0,0,0,0,-0.04942683794595361,0,0,1,1,0,0,0,0,0,1,0,1,0,0,0
R0192,0,-0.21769106646935696,0.07131333318896543,0.2532766246681454,-0.03484499213524383,1.0725790715139625,-2.10534311907706,0,0,0,0,-0.0013358664499276962,0,0,0,0,0,1,0,0,0,0,1,0,0,0,1
R0193,0,-0.12515440191076557,-0.4965915917740542,0.5668159917284987,-0.351337175353067,0.42565205200633827,-0.8100224123024049,0,0,0,0,-0.24503725412247257,0,0,0,0,1,0,0,0,1,0,0,0,1,0,0
R0194,0,0.3375289208821913,-0.10993291945880672,-1.1262965903974094,-0.021657817834501162,-0.7757838413649641,-0.738060150814924,0,0,0,0,-0.12179680919345304,0,0,1,0,1,0,0,0,0,1,0,1,0,0,0
R0195,0,0.6151389145579653,-0.3012484083647886,-0.5897958956496933,-0.3029842029170107,0.08678551797853461,0.9890341248846158,0,0,0,0,-0.09770213023865439,0,0,1,0,0,1,0,0,0,0,1,1,0,0,0
R0196,0,-0.5878377247037224,-0.3556222841591203,-0.10206799133358806,-0.5271661660296355,1.2112062899798817,0.9890341248846158,0,0,0,0,0.07171959183596048,0,0,0,1,0,0,0,0,0,1,0,0,0,0,1
R0197,0,-0.4027643955865397,-0.49860543902569615,-0.032392576431287304,-0.1623210103757559,1.5038637511857122,0.2694115100098077,0,0,0,0,-0.3248772418750804,0,0,0,1,0,0,0,0,0,1,0,0,0,0,1
R0198,0,0.522602249999374,-0.4583284939928579,-0.6246336031008437,-0.4612302945259223,-0.036438676213393396,0.557260555959731,0,0,0,0,-0.12935645799546708,0,0,1,0,0,1,0,0,0,0,1,1,0,0,0
R0199,0,-0.9579843829380879,0.3190165451409209,1.3889858875756484,0.34318733781937844,-0.8682019870089107,1.34884543232202,0,0,0,0,-0.05653156683595901,0,1,0,0,0,1,0,0,0,1,0,0,0,1,0
R0200,0,-1.1430577120552707,-0.20861143478926056,-1.0496536340048783,-0.2766098543155255,1.0263699986919892,-0.01843753594011562,0,0,0,0,-0.03763721898865053,0,0,0,0,0,0,1,0,0,1,0,1,0,0,0
R0201,0,2.095725547495427,1.1688600853338087,0.2741792491388364,0.5805564752327458,-0.12885682185733996,-0.30628658189003927,0,0,1,0,0.18698712237583648,0,0,1,1,0,0,0,0,0,1,0,0,1,0,0
R0202,0,-0.4027643955865397,-0.1703483370080642,-0.06723028388243768,-0.01286636830067277,-0.6371566228990448,1.1329586478595777,0,0,0,0,-0.16313905968289866,0,0,0,0,0,1,0,0,0,1,0,0,0,0,1
R0203,0,-0.49530106014513103,-0.13812678098179354,-1.3492579180847715,-0.1930910837441555,0.3948460034583557,0.4852982944722501,0,0,0,0,-0.042382582003968584,0,0,0,0,1,0,0,0,0,0,1,1,0,0,0
R0204,0,-0.12515440191076557,0.36734887918032694,-0.8197247648272856,0.3256044387517215,0.6412943918422128,-0.30628658189003927,0,0,0,0,-0.02741802083557727,0,0,0,0,0,1,0,0,0,0,1,1,0,0,0
R0205,0,-0.21769106646935696,0.31297500338599515,0.775842236435401,0.2596685672480083,-0.05184170048738467,0.4133360329847692,0,0,0,0,-0.02388646418932005,0,0,0,0,0,1,0,0,0,1,0,0,0,0,1
R0206,0,-1.4206677057310448,-0.03743441839969793,-1.3771280840456916,-0.09638513887204272,2.181596819241318,0.2694115100098077,0,0,0,0,-0.03391938161134154,0,0,0,0,0,1,0,0,0,1,0,1,0,0,0
R0207,0,-1.1430577120552707,-0.3012484083647886,0.07212054592216383,-0.1623210103757559,-0.02103565193940267,1.7806190012469054,0,0,0,0,-0.18137620450621464,0,0,0,1,0,0,0,0,0,1,0,1,0,0,0
R0208,0,1.6330422247024703,-0.21465297654418625,-1.314420210633621,-0.13594666177427073,-0.4677233558851431,1.4927699552969818,0,0,0,0,-0.13296290809796849,0,0,1,0,0,1,0,0,0,1,0,1,0,0,0
R0209,0,0.8002122436751481,-0.49256389727077043,0.5041081183164287,-0.14913383607501338,0.025173420882570605,-0.5941356278399625,0,0,0,0,-0.3246680566894115,0,0,1,1,0,0,0,0,1,0,0,0,0,0,1
R0210,0,-0.8654477183794965,0.5828305351060116,-0.5201204807473926,0.37395741118777787,1.7195060910215867,-1.24179598122729,0,0,0,0,0.047320253935076016,0,0,0,0,0,0,1,0,0,0,1,1,0,0,0
R0211,0,-0.8654477183794965,-0.4200653962116615,0.28811433211929577,-0.4480431202251797,1.0571760472399712,-0.5941356278399625,0,0,0,0,-0.09786290893507757,0,0,0,0,0,0,1,0,1,0,0,0,0,0,1
R0212,0,-0.3102277310279483,-0.43819002147643876,-1.0635887169853382,-0.47441746882666497,-0.4215142830631698,0.12548698703484587,0,0,0,0,-0.09381128578521293,0,0,0,0,0,1,0,0,1,0,0,1,0,0,0
R0213,0,0.4300655854407826,-0.22673606005403774,0.21147137572676533,-0.25463123048095443,-0.05184170048738467,0.05352472554736497,0,0,0,0,-0.06905136653603938,0,0,1,0,1,0,0,0,1,0,0,0,0,0,1
R0214,0,-0.49530106014513103,-0.3556222841591203,-1.19597200529971,-0.3205671019846676,-0.49852940443312505,-0.37824884337751985,0,0,0,0,-0.13375728884054613,0,0,0,0,0,1,0,0,1,0,0,1,0,0,0
R0215,0,-0.12515440191076557,-0.16833448975642223,-0.38773719243302124,-0.3689200744207239,1.0879820957879531,-1.3857205042022518,0,0,0,0,0.08410387497791298,0,0,0,0,1,0,0,0,1,0,0,1,0,0,0
R0216,0,1.262895566468105,-0.34958074240419457,-0.3110942360404903,10.383022705451438,-0.6525596471730356,0.05352472554736497,0,0,0,1,-0.5576119859335606,0,0,1,1,0,0,0,0,0,0,1,1,0,0,0
R0217,0,0.4300655854407826,-0.3274284226361334,-1.6418946606744347,-0.16671673514267019,-0.9298140841048748,0.4852982944722501,0,0,0,0,-0.1983382962371291,0,0,1,1,0,0,0,0,0,0,1,0,0,0,1
R0218,0,-0.8654477183794965,-0.3576361314107621,-2.213233062873301,-0.38650297348838075,-0.4215142830631698,-0.37824884337751985,0,0,0,0,-0.08574138617807485,0,0,0,0,1,0,0,0,0,1,0,1,0,0,0
R0219,0,-0.032617737352174214,-0.42409309071494533,-1.0426860925146482,-0.21506970757872657,-0.5755445258030804,0.12548698703484587,0,0,0,0,-0.24908728512255837,0,0,0,0,0,0,1,0,1,0,0,1,0,0,0
R0220,0,-0.21769106646935696,-0.2468745325704569,-0.15780832325542846,-0.3645243496538097,1.1495941928839177,-0.09039979742759652,0,0,0,0,0.003459825550825864,0,0,0,0,0,1,0,0,0,1,0,1,0,0,0
R0221,0,0.522602249999374,0.19415801553912226,-0.0881329083531277,0.2992300901502363,-0.9914261812008393,0.557260555959731,0,0,0,0,-0.09643192328650002,0,0,1,0,0,0,1,0,0,1,0,1,0,0,0
R0222,1,-0.032617737352174214,0.44186122749107776,0.476237952355508,0.3343958882855499,-0.29829008887124175,-0.01843753594011562,0,0,0,0,0.0025619383692625135,0,0,0,0,0,0,1,0,1,0,0,1,0,0,0
R0223,0,0.4300655854407826,-0.23277760180896354,1.0893816034957544,0.00032080600006989703,-0.036438676213393396,-0.09039979742759652,0,0,0,0,-0.20666322266799295,0,1,1,0,0,0,1,0,0,1,0,0,0,1,0
R0224,0,2.003188882936836,-0.2670130050868761,0.9779009396520736,-0.22386115711255494,-0.2520810160492685,1.34884543232202,0,0,0,0,-0.12168059024242218,0,0,1,1,0,0,0,0,0,1,0,1,0,0,0
R0225,0,-1.3281310411724534,0.2203380298104671,-0.8894001797295863,0.03548660413538362,0.410249027732347,0.7731473404221734,0,0,0,0,0.04555168827442075,0,0,0,0,0,0,1,0,1,0,0,1,0,0,0
R0226,1,0.522602249999374,-0.043475960154623544,0.5877186161991897,-0.22825688187946908,-0.2212749675012865,0.7011850789346928,0,0,0,0,0.05781788051732791,0,0,1,0,0,0,1,0,0,1,0,0,0,0,1
R0227,0,-0.7729110538209052,-0.14215447548507737,0.9151930662400025,-0.31177565245083916,-0.15966287040532195,0.6292228174472115,0,0,0,0,0.0502523496356362,0,0,0,1,0,0,0,0,0,1,0,1,0,0,0
R0228,0,-1.513204370289636,-0.12402985022030018,-2.052979608598009,-0.3645243496538097,0.07138249370454389,1.060996386372097,0,0,0,0,0.12213058138079311,0,0,0,0,0,1,0,0,0,1,0,1,0,0,0
R0229,0,-1.513204370289636,0.053188707924188235,-0.08116536686289803,0.2069198700450378,0.5642792704722576,-0.8100224123024049,0,0,0,0,-0.12911709656644177,0,0,0,0,1,0,0,0,0,0,1,0,0,0,1
R0230,0,-0.8654477183794965,-0.3294422698877754,2.47592236005154,-0.12715521224044232,-0.14425984613133122,0.8451096019096547,0,0,0,0,-0.217636407721028,0,1,0,0,0,1,0,0,0,0,1,0,0,1,0
R0231,0,0.05991892720641715,0.11561797272508767,0.7410045289842506,-0.004074918766844377,-1.515129006516535,-2.177305380564541,0,0,0,0,0.007280564698800037,0,0,1,0,1,0,0,0,0,1,0,0,0,0,1
R0232,0,-1.235594376613862,-0.23076375455732157,1.0824140620055247,0.09702675087218252,1.226609314253873,-1.3857205042022518,0,0,0,0,-0.23944003532831087,0,0,0,0,1,0,0,0,0,0,1,0,0,0,1
R0233,0,-0.9579843829380879,-0.45228695223793214,-0.7779195158859056,-0.2590269552478687,0.7183095132121681,0.557260555959731,0,0,0,0,-0.25191242869822805,0,0,0,0,0,1,0,0,1,0,0,1,0,0,0
R0234,0,0.6151389145579653,0.7681044822570678,0.42049762043366756,0.5453906770974323,-1.5767411036124992,1.060996386372097,0,0,0,0,0.048568953032656854,0,0,1,0,0,1,0,0,0,1,0,1,0,0,0
R0235,0,2.373335541171201,-0.2952068666098629,-0.10206799133358806,-0.3073799276839249,1.1495941928839177,1.34884543232202,0,0,0,0,-0.08918296101053085,0,0,1,0,0,1,0,0,0,0,1,1,0,0,0
R0236,0,0.522602249999374,0.0008286793814985154,-1.0984264244364885,0.00032080600006989703,0.8723397559520787,0.7731473404221734,0,0,0,0,-0.06498763091039034,0,0,1,0,0,0,1,0,0,0,1,1,0,0,0
R0237,0,0.4300655854407826,0.05117486067254637,-1.774277948988806,-0.08319796457130021,-0.23667799177527724,-0.8819846737898859,0,0,0,0,0.01673447133315589,0,0,1,0,1,0,0,0,0,0,1,1,0,0,0
R0238,0,-0.12515440191076557,0.05117486067254637,2.2459934908739476,0.22010704434578046,-1.6229501764344723,1.060996386372097,0,0,0,0,-0.13511409613713085,0,1,0,0,1,0,0,0,0,1,0,0,0,1,0
R0239,0,1.4479688955852876,-0.4603423412444998,-0.06723028388243768,-0.2722141295486112,-0.3290961374192238,-0.37824884337751985,0,0,0,0,-0.25249007262556833,0,0,1,0,0,0,1,0,1,0,0,1,0,0,0
R0240,0,0.3375289208821913,-0.4019407709468843,0.09302317039285385,-0.5007918174281503,2.181596819241318,0.7731473404221734,0,0,0,0,-0.02184851130688115,0,0,1,1,0,0,0,0,0,1,0,1,0,0,0
R0241,0,1.3554322310266962,0.3210303923925628,-0.8475949307882062,0.46187190652606197,0.5026671733762935,1.2768831708345394,0,0,0,0,-0.09912560991674278,0,0,1,0,0,0,1,0,1,0,0,1,0,0,0
R0242,0,0.2449922563235999,-0.35159458965583645,0.14179596082446458,-0.33815000105232446,1.1804002414318997,-1.6016072886646944,0,0,0,0,-0.11768934489674454,0,0,1,0,1,0,0,0,0,1,0,1,0,0,0
R0243,0,-1.0505210474966793,-0.46638388299942557,1.1102842279664453,-0.47441746882666497,-2.9476102639977033,1.4208076938095013,0,1,0,0,-0.12696804721454089,0,1,0,1,0,0,0,0,0,0,1,0,0,1,0
R0244,0,-0.032617737352174214,-0.3254145753844916,-0.15084078176519877,-0.16671673514267019,-1.6845622735304364,-0.5941356278399625,0,0,0,0,-0.19686608482231344,0,0,0,1,0,0,0,0,0,1,0,1,0,0,0
R0245,0,0.8002122436751481,-0.31735918637792393,-0.478315231806012,-0.3161713772177534,0.410249027732347,2.0684680471968284,0,0,0,0,-0.10246905887366559,0,0,1,0,0,0,1,0,0,1,0,1,0,0,0
R0246,0,0.522602249999374,-0.40999615995345196,-0.02542503494105713,-0.3777115239545524,-0.036438676213393396,0.3413737714972886,0,0,0,0,-0.14470466724920747,0,0,1,0,0,0,1,0,0,1,0,1,0,0,0
R0247,1,1.9106522183782446,0.4176950604713748,-1.1541667563583295,0.26846001678183673,-1.0992473511187766,0.6292228174472115,0,0,0,0,0.022037237800356633,0,0,1,0,1,0,0,0,0,1,0,1,0,0,0
R0248,0,0.7076755791165568,-0.4140238544567358,0.14876350231469423,-0.28100557908243967,-1.6075471521604812,-0.8100224123024049,0,0,0,0,-0.20892155187948366,0,0,1,0,0,0,1,0,0,0,1,1,0,0,0
R0249,0,-0.3102277310279483,0.4821381725239159,2.1554154515009567,0.6992410439394297,-0.39070823451518777,0.7011850789346928,0,0,0,0,-0.11063766022784502,0,1,0,0,1,0,0,0,1,0,0,0,0,1,0
R0250,0,3.4837755158742976,-0.21465297654418625,1.0893816034957544,-0.3205671019846676,-1.6537562249824544,0.7011850789346928,0,0,0,0,-0.006656370028122145,0,1,1,0,0,1,0,0,0,0,1,0,0,1,0
R0251,0,0.4300655854407826,-0.5106885225355476,2.47592236005154,-0.5271661660296355,0.5180701976502843,0.1974492485223268,0,0,0,0,-0.13188867616452443,0,1,1,1,0,0,0,1,0,0,0,0,0,1,0
R0252,0,0.4300655854407826,-0.5207577587937572,0.3229520395704461,-0.29419275338318235,0.410249027732347,-1.4576827656897329,0,0,0,0,-0.2942396577586507,0,0,1,0,0,0,1,0,0,1,0,1,0,0,0
R0253,0,-0.032617737352174214,0.31096115613435327,-1.495576289379603,0.13219254900749625,0.8877427802260699,-1.5296450271772133,0,0,0,0,0.039246367223389034,0,0,0,0,1,0,0,0,0,0,1,1,0,0,0
R0254,0,1.262895566468105,-0.44020386872808065,1.2008622673394362,-0.2106739828118123,-1.2994866666806602,1.060996386372097,0,0,0,0,-0.26345210395526447,0,1,1,0,0,0,1,0,0,1,0,0,0,1,0
R0255,0,-1.0505210474966793,0.39554274070331363,-0.8894001797295863,0.4970377046613758,0.6104883432942309,0.9170718633971352,0,0,0,0,-0.08067968575484769,0,0,0,0,0,0,1,0,0,0,1,1,0,0,0
R0256,0,-1.4206677057310448,0.34922425391554973,-0.2762565285893399,0.22889849387960887,-1.4073078365985976,0.2694115100098077,0,0,0,0,0.008199581521381989,0,0,0,0,0,1,0,1,0,0,0,1,0,0,0
R0257,0,-1.6057410348482275,-0.5630485510782374,0.079088087412394,-0.5051875421950645,0.8723397559520787,1.9245435242218674,0,0,0,0,-0.2183903609704063,0,0,0,0,1,0,0,0,1,0,0,0,0,0,1
R0258,0,3.021092193081341,0.0008286793814985154,-0.09510044984335789,0.03988232890229774,-0.005632627665411396,0.3413737714972886,0,0,0,0,-0.08512396929002874,0,0,1,0,0,1,0,0,0,1,0,1,0,0,0
R0259,0,0.2449922563235999,0.40762582421316507,-0.19264603070657885,0.24648139294726565,-1.00682920547483,-0.5221733663524817,0,0,0,0,0.028018166348354797,0,0,1,1,0,0,0,0,0,0,1,1,0,0,0
R0260,0,-0.032617737352174214,-0.27305454684180175,-1.9136287787934076,-0.28540130384935386,-0.5293354529811076,-0.5941356278399625,0,0,0,0,-0.08588184329149023,0,0,0,0,0,0,1,0,0,1,0,1,0,0,0
R0261,0,0.7076755791165568,-0.5308269950519667,-0.5340555637278529,-0.496396092661236,-1.6845622735304364,-0.01843753594011562,0,0,0,0,-0.18542298700715476,0,0,1,1,0,0,0,0,0,0,1,1,0,0,0
R0262,0,-0.21769106646935696,-0.619436274124211,-1.1123615074169488,-0.619476386134834,0.8569367316780874,1.4927699552969818,0,0,0,0,-0.19544773480072264,0,0,0,1,0,0,0,1,0,0,0,1,0,0,0
R0263,0,-0.5878377247037224,-0.48652235551584466,-0.31806177753072046,-0.5799148632326061,0.4564581005543203,-0.23432432040255835,0,0,0,0,-0.036346506165153086,0,0,0,0,0,1,0,0,1,0,0,1,0,0,0
R0264,0,-0.032617737352174214,-0.571103940084805,-1.8300182809106464,-0.43046022115752286,-1.6383532007084636,1.564732216784463,0,0,0,0,-0.2768366088751034,0,0,0,0,0,1,0,0,0,1,0,1,0,0,0
R0265,0,-0.4027643955865397,-0.5348546895552506,2.385344320678549,-0.38210724872146656,-1.6999652978044275,3.6516377999214074,0,0,0,0,-0.265637843045286,0,1,0,0,0,0,1,0,0,1,0,0,0,1,0
R0266,1,-0.032617737352174214,1.5353802851326368,0.6434589481210302,1.3366211351419903,0.8261306831301054,-1.6735695501521752,0,0,1,1,0.029396327571585074,0,0,0,0,0,0,1,0,1,0,0,1,0,0,0
R0267,0,-0.49530106014513103,0.2888088363662922,0.5528809087480394,0.022299429834640956,0.918548828774052,-1.313758242714771,0,0,0,0,0.09445097741815185,0,0,0,0,1,0,0,0,1,0,0,0,0,0,1
R0268,0,0.8002122436751481,0.09749334746031048,0.2532766246681454,-0.021657817834501162,-2.454713487229989,1.4208076938095013,0,0,0,0,0.006886624335508376,0,0,1,0,0,0,1,0,0,0,1,0,0,0,1
R0269,0,0.7076755791165568,0.5506089790797412,1.869746250401523,0.9761717042550249,-0.8527989627349194,1.9245435242218674,0,0,0,1,-0.1568517094016479,0,1,1,1,0,0,0,0,0,0,1,0,0,1,0
R0270,0,0.3375289208821913,-0.2408329908155312,-0.30412669455026015,-0.47441746882666497,-0.11345379758334867,-1.7455318116396559,0,0,0,0,0.13828604422008292,0,0,1,0,0,1,0,0,1,0,0,1,0,0,0
R0271,0,0.15245559176500853,-0.3254145753844916,-0.004522410470367105,-0.6458507347363193,-0.7911868656389555,-0.23432432040255835,0,0,0,0,0.35844818660561145,0,0,1,0,1,0,0,0,0,0,1,1,0,0,0
R0272,0,1.1703589019095135,0.27068421110151497,-0.9033352627100467,0.031090879368469347,-0.036438676213393396,0.8451096019096547,0,0,0,0,0.07789337161666414,0,0,1,1,0,0,0,0,0,0,1,1,0,0,0
R0273,0,0.05991892720641715,-0.3012484083647886,-0.06723028388243768,-0.23704833141329762,0.9339518530480426,2.2843548316592717,0,0,0,0,-0.14086978319843482,0,0,1,1,0,0,0,0,1,0,0,1,0,0,0
R0274,0,-0.032617737352174214,-0.08979444694238765,0.11392579486354387,-0.17111245990958446,-0.036438676213393396,-2.177305380564541,0,0,0,0,-0.02157691267131973,0,0,0,1,0,0,0,0,1,0,0,1,0,0,0
R0275,1,0.4300655854407826,0.6069967021257145,0.44836778639458824,0.5717650256989173,-0.7757838413649641,-0.8819846737898859,0,0,0,0,-0.02390835229023744,0,0,1,0,0,0,1,0,0,1,0,0,0,0,1
R0276,0,-0.4027643955865397,0.5928997713642213,0.18360120976584463,0.44428900745840516,1.0879820957879531,0.3413737714972886,0,0,0,0,0.020344169074093896,0,0,0,0,0,1,0,0,0,0,1,1,0,0,0
R0277,0,-1.1430577120552707,0.3230442396442047,1.0893816034957544,0.2992300901502363,0.5642792704722576,-1.0978714582523283,0,0,0,0,-0.03653163754279511,0,0,0,0,0,1,0,0,0,0,1,0,0,0,1
R0278,0,1.077822237350922,-0.09583598869731336,-0.8684975552588963,-0.17111245990958446,0.8107276588561146,0.9170718633971352,0,0,0,0,-0.026017550362747575,0,0,1,0,0,0,1,0,1,0,0,0,0,0,1
R0279,0,1.077822237350922,0.1498533760030002,1.186927184358976,0.3607702368870352,-1.3302927152286423,0.4852982944722501,0,0,0,0,-0.1384603204968372,0,1,1,0,0,0,1,0,0,1,0,0,0,1,0
R0280,0,1.8181155538196532,-0.2931930193582209,-0.19264603070657885,-0.06561506550364328,0.348636930636383,-1.7455318116396559,0,0,0,0,-0.2187298399202257,0,0,1,1,0,0,0,0,0,1,0,1,0,0,0
R0281,0,1.540505560143879,-0.1925006567761252,-0.7291467254542948,-0.38650297348838075,-0.43691730733716105,-1.1698337197398092,0,0,0,0,0.07969155576825472,0,0,1,0,1,0,0,0,0,0,1,1,0,0,0
R0282,0,-0.4027643955865397,0.6090105493773564,-1.2308097127508604,0.4091232093230916,-0.29829008887124175,-0.37824884337751985,0,0,0,0,0.04254064926988741,0,0,0,1,0,0,0,0,0,0,1,1,0,0,0
R0283,0,0.9852855727923309,-0.45228695223793214,-0.757016891415215,-0.7997011015783168,-0.48312638015913434,0.4133360329847692,0,0,0,0,0.7445233459636322,0,0,1,0,0,0,1,0,0,0,1,1,0,0,0
R0284,1,0.15245559176500853,0.48415201977555794,-1.6836999096158154,0.4223103836238341,-1.284083642406669,-0.8819846737898859,0,0,0,0,-0.01628712482573162,0,0,1,0,0,1,0,0,0,0,1,1,0,0,0
R0285,0,0.4300655854407826,1.2212201138764984,-2.1087199405198493,0.9190272822851402,-0.2212749675012865,0.1974492485223268,0,0,1,1,0.06594750799984771,0,0,1,0,1,0,0,0,0,0,1,1,0,0,0
R0286,0,0.15245559176500853,-0.3475668951525526,1.3889858875756484,-0.13594666177427073,-0.8527989627349194,0.05352472554736497,0,0,0,0,-0.22658635275890576,0,0,1,0,0,0,1,0,1,0,0,1,0,0,0
R0287,0,-0.21769106646935696,-0.198542198531051,1.5213691758900192,-0.2897970286162681,-1.545935055064517,1.34884543232202,0,0,0,0,-0.018522206488681504,0,1,0,0,1,0,0,0,0,0,1,0,0,1,0
R0288,0,-0.12515440191076557,-0.1461821699883612,0.8803553587888521,-0.01286636830067277,0.7799216103081321,-1.0978714582523283,0,0,0,0,-0.14828310813339451,0,0,0,0,0,1,0,0,0,0,1,0,0,0,1
R0289,0,1.540505560143879,0.8164368162964738,1.5422718003607092,1.0245246766910812,-0.8527989627349194,0.4133360329847692,0,0,0,1,-0.08831632125008923,0,1,1,0,1,0,0,0,1,0,0,0,0,1,0
R0290,0,-0.7729110538209052,-0.24284683806717308,0.09302317039285385,-0.24144405618021172,0.5950853190202395,0.3413737714972886,0,0,0,0,-0.09121738948291858,0,0,0,0,0,0,1,0,0,0,1,0,0,0,1
R0291,0,0.05991892720641715,-0.1159744612137325,1.2984078482026566,-0.06121934073672916,-2.5317286085999444,0.3413737714972886,0,1,0,0,-0.10580029931639166,0,1,1,0,0,0,1,0,0,1,0,0,0,1,0
R0292,0,0.4300655854407826,-0.16229294800149652,-0.17871094772611898,-0.33815000105232446,-1.5921441278864903,1.2049209093470588,0,0,0,0,0.05766515170356641,0,0,1,0,0,1,0,0,1,0,0,1,0,0,0
R0293,0,1.6330422247024703,-0.4764531192576351,0.6852641970624103,-0.5315618907965498,-0.15966287040532195,-0.01843753594011562,0,0,0,0,-0.08206246135717371,0,0,1,0,0,0,1,0,0,1,0,1,0,0,0
R0294,0,0.3375289208821913,-0.21868067104747008,-0.4504450658450918,-0.1535295608419275,-0.39070823451518777,-0.45021110486500077,0,0,0,0,-0.1262625842054062,0,0,1,0,0,0,1,0,0,1,0,1,0,0,0
R0295,0,1.262895566468105,-0.33951150614598496,0.35082220553136684,-0.32935855151849597,1.6270879453776401,-1.4576827656897329,0,0,0,0,-0.11295003417781724,0,0,1,0,0,1,0,0,0,0,1,1,0,0,0
R0296,0,0.6151389145579653,-0.3415253533976269,-0.3947047339232514,-0.32935855151849597,-0.5909475500770716,-0.6660978893274434,0,0,0,0,-0.11479029844633697,0,0,1,0,0,0,1,0,0,1,0,1,0,0,0
R0297,0,-0.49530106014513103,-0.05555904366447504,0.239341541687686,0.07065240227069719,0.19460668789647242,-1.3857205042022518,0,0,0,0,-0.1316452711818579,0,0,0,0,0,1,0,0,0,0,1,1,0,0,0
R0298,0,-0.9579843829380879,1.4447571588087509,-0.06723028388243768,1.6531133183598135,0.10218854225252588,1.7806190012469054,0,0,1,1,-0.0648020849019575,0,1,0,0,1,0,0,0,0,1,0,0,0,1,0
R0299,0,-0.032617737352174214,0.09346565295702655,-1.2656474202020107,0.00032080600006989703,1.0725790715139625,0.6292228174472115,0,0,0,0,-0.008805930730651411,0,0,0,0,0,0,1,0,1,0,0,0,1,0,0
R0300,0,-0.032617737352174214,-0.5751316345880889,0.7479720704744813,-0.6854122576385472,0.08678551797853461,-1.0259091967648475,0,0,0,0,-0.01901415659069478,0,0,0,0,1,0,0,0,1,0,0,1,0,0,0
R0301,0,-0.49530106014513103,-0.573117787336447,2.4410846526003893,-0.535957615563464,-1.7769804191743828,2.0684680471968284,0,0,0,0,-0.20653020529778687,0,1,0,0,0,0,1,0,1,0,0,0,0,1,0
R0302,0,2.373335541171201,-0.15222371174328692,-1.0984264244364885,-0.030449267368329553,2.0121635522274164,-1.0259091967648475,0,0,0,0,-0.14399597396710248,0,0,1,0,1,0,0,0,0,1,0,1,0,0,0
R0303,0,-0.12515440191076557,0.41366736596809084,-1.4398359574577626,-0.1623210103757559,-0.4215142830631698,-0.5941356278399625,0,0,0,0,0.33844898188100303,0,0,0,0,0,1,0,0,0,0,1,1,0,0,0
R0304,0,0.3375289208821913,0.2988780726245019,-0.44347752435486165,0.24208566818035154,-2.285280220216088,-0.5221733663524817,0,0,0,0,-0.02268440984136403,0,0,1,0,1,0,0,0,0,1,0,1,0,0,0
R0305,0,0.7076755791165568,-0.5046469807806219,-0.4992178562767025,-0.28100557908243967,1.3344304841718102,-0.01843753594011562,0,0,0,0,-0.2860043193533257,0,0,1,0,0,1,0,0,0,1,0,1,0,0,0
R0306,0,0.4300655854407826,-0.4261069379665873,-0.018457493450826958,-0.47441746882666497,0.9031458045000607,-0.5941356278399625,0,0,0,0,-0.0796012451726438,0,0,1,0,0,0,1,0,0,0,1,1,0,0,0
R0307,0,-0.032617737352174214,-0.3838161456821071,1.2844727652221972,-0.12275948747352806,-0.2212749675012865,0.05352472554736497,0,0,0,0,-0.257226752829758,0,1,0,0,0,1,0,1,0,0,0,0,0,1,0
R0308,0,-0.8654477183794965,-0.21465297654418625,-0.49225031478647235,-0.1447381113080991,0.2716218092664277,-0.09039979742759652,0,0,0,0,-0.12821454200511712,0,0,0,0,0,0,1,0,0,0,1,0,0,0,1
R0309,0,-0.5878377247037224,-0.432148479721513,-0.7988221403565956,-0.42606449639060867,0.8261306831301054,-1.0978714582523283,0,0,0,0,-0.13012583401733402,0,0,0,0,1,0,0,0,0,0,1,1,0,0,0
R0310,0,0.2449922563235999,-0.3737469094238975,0.023347755490553096,-0.23265260664638335,-0.40611125878917903,-1.0259091967648475,0,0,0,0,-0.20115281805957091,0,0,1,0,0,0,1,0,0,0,1,1,0,0,0
R0311,1,0.522602249999374,-0.7181147894546648,0.6155887821601095,-0.8040968263452308,0.04057644515656188,0.1974492485223268,0,0,0,0,-0.12104719695930369,0,1,1,0,0,0,1,0,0,0,1,0,0,1,0
R0312,1,1.262895566468105,0.6573428834167624,2.4619872770710796,0.6992410439394297,-1.1146503753927675,1.060996386372097,0,0,0,0,-0.048608229019836996,0,1,1,0,1,0,0,0,0,0,1,0,0,1,0
R0313,1,-1.235594376613862,0.8124091217931897,0.7619071534549416,0.8267170621799417,-0.2058719432272952,1.6366944782719437,0,0,0,1,-0.03536341801015668,0,1,0,0,0,0,1,0,0,1,0,0,0,1,0
R0314,0,0.8927489082337394,-0.4140238544567358,0.3438546640411371,-0.43046022115752286,-0.05184170048738467,-0.30628658189003927,0,0,0,0,-0.10688452314877656,0,0,1,1,0,0,0,0,1,0,0,1,0,0,0
R0315,1,-1.698277699406819,1.5071864236096504,1.5562068833411695,1.6135517954575853,-1.515129006516535,0.6292228174472115,0,0,1,1,-0.0425708427288724,0,1,0,0,0,1,0,0,1,0,0,0,0,1,0
R0316,0,-1.1430577120552707,-0.6093670378660014,-0.2762565285893399,-0.42606449639060867,0.5950853190202395,0.7011850789346928,0,0,0,0,-0.3203448961855876,0,0,0,0,0,1,0,1,0,0,0,0,0,0,1
R0317,0,-0.21769106646935696,-0.07368366892925232,1.159057018398055,-0.1623210103757559,-0.4523203316111523,1.1329586478595777,0,0,0,0,-0.015910722642114353,0,1,0,0,1,0,0,0,1,0,0,0,0,1,0
R0318,1,-1.0505210474966793,1.416563297285764,-0.17871094772611898,1.2574980893375343,0.7029064889381769,-1.4576827656897329,0,0,1,1,0.019520069552163222,0,0,0,0,0,1,0,0,0,1,0,1,0,0,0
R0319,0,-0.4027643955865397,0.4760966307689903,-0.7988221403565956,0.3651659616539495,0.379442979184365,-0.5221733663524817,0,0,0,0,0.004273596939780956,0,0,0,0,0,1,0,0,0,1,0,1,0,0,0
R0320,0,0.05991892720641715,-0.48853620276748655,-0.06723028388243768,-0.3161713772177534,0.918548828774052,-0.5221733663524817,0,0,0,0,-0.25578379064834916,0,0,1,0,0,0,1,0,0,0,1,0,0,0,1
R0321,0,0.15245559176500853,-0.571103940084805,-1.5025438308698333,-0.6854122576385472,-0.02103565193940267,0.557260555959731,0,0,0,0,-0.010884033852160215,0,0,1,1,0,0,0,0,0,1,0,1,0,0,0
R0322,0,0.9852855727923309,0.22436572431375104,-0.917270345690507,0.1805455214435525,0.6104883432942309,-0.23432432040255835,0,0,0,0,-0.03108615702064003,0,0,1,0,0,1,0,0,0,0,1,0,0,0,1
R0323,0,-0.9579843829380879,-0.5227716060453992,1.2217648918101263,-0.39089869825529494,-1.6999652978044275,2.21239257017179,0,0,0,0,-0.24869012395429668,0,1,0,0,0,1,0,0,0,0,1,0,0,1,0
R0324,0,-0.8654477183794965,-0.5006192862773381,-0.44347752435486165,-0.34254572581923864,-1.9618167104622757,0.2694115100098077,0,0,0,0,-0.25347007542643507,0,0,0,0,0,1,0,1,0,0,0,1,0,0,0
R0325,0,0.9852855727923309,-0.023337487638204472,-0.7082441009836048,-0.05242789120290061,-1.9310106619142933,-0.8819846737898859,0,0,0,0,-0.05095667673403684,0,0,1,0,0,1,0,0,1,0,0,1,0,0,0
R0326,0,0.9852855727923309,-0.23277760180896354,0.6922317385526409,0.04867377843612613,1.4730577026377296,-0.01843753594011562,0,0,0,0,-0.22440398808149464,0,0,1,0,0,0,1,0,0,0,1,1,0,0,0
R0327,0,-1.0505210474966793,-0.5992978016077919,1.4029209705561076,-0.5183747164958071,-0.6371566228990448,2.2843548316592717,0,0,0,0,-0.2546328565274636,0,1,0,0,0,0,1,0,0,0,1,0,0,1,0
R0328,0,1.540505560143879,0.4217227549746585,-0.09510044984335789,0.09702675087218252,-0.23667799177527724,-0.30628658189003927,0,0,0,0,0.12074099407599255,0,0,1,1,0,0,0,0,0,0,1,1,0,0,0
R0329,0,1.4479688955852876,-0.2509022270737407,-1.3353228351043116,-0.3205671019846676,-0.17506589467931322,0.05352472554736497,0,0,0,0,-0.039339463437031194,0,0,1,0,0,1,0,0,1,0,0,1,0,0,0
R0330,0,1.077822237350922,0.4640135472591387,1.7094927961262314,0.44428900745840516,-0.6987687199950089,0.12548698703484587,0,0,0,0,-0.033455161640159624,0,1,1,0,0,1,0,0,0,1,0,0,0,1,0
R0331,0,-0.12515440191076557,0.18610262653255458,-0.2762565285893399,-0.01286636830067277,-0.7141717442690002,-0.8100224123024049,0,0,0,0,0.05598622567228684,0,0,0,0,0,0,1,0,0,1,0,1,0,0,0
R0332,0,1.8181155538196532,-0.6838793861767523,-0.5897958956496933,-0.6985994319392898,0.7953246345821233,0.3413737714972886,0,0,0,0,-0.2223307416379541,0,0,1,0,0,1,0,0,1,0,0,1,0,0,0
R0333,0,0.7076755791165568,-0.6838793861767523,-0.06723028388243768,-0.6985994319392898,0.918548828774052,-1.6016072886646944,0,0,0,0,-0.2223307416379541,0,0,1,0,0,1,0,0,1,0,0,1,0,0,0
R0334,0,0.4300655854407826,-0.6939486224349618,-1.0078483850634978,-0.7073908814731182,0.11759156652651716,-0.8100224123024049,0,0,0,0,-0.23262657499509526,0,0,1,0,0,1,0,0,0,0,1,1,0,0,0
R0335,0,-0.49530106014513103,-0.4039546181985262,-1.3074526691433908,-0.3733157991876381,-0.17506589467931322,0.3413737714972886,0,0,0,0,-0.14196753452780828,0,0,0,0,0,0,1,0,1,0,0,1,0,0,0
R0336,1,0.15245559176500853,-0.4603423412444998,0.538945825767579,-0.14913383607501338,1.5654758482816762,-0.30628658189003927,0,0,0,0,-0.30161120066901714,0,0,1,0,0,0,1,0,0,0,1,1,0,0,0
R0337,0,-1.975887693082593,-0.13208523922686785,-0.45741260733532196,-0.19748680851106962,1.257415362801855,0.9890341248846158,0,0,0,0,-0.034749141329038453,0,0,0,0,1,0,0,0,0,0,1,1,0,0,0
R0338,0,0.8927489082337394,0.08541026395045889,2.47592236005154,0.04867377843612613,-1.2070685210367138,1.9245435242218674,0,0,0,0,-0.04050339126498371,0,1,1,0,1,0,0,0,1,0,0,0,0,1,0
R0339,0,1.262895566468105,0.020967151897917584,1.5213691758900192,0.07065240227069719,-1.853995540544338,1.7806190012469054,0,0,0,0,-0.0883413119929269,0,1,1,0,1,0,0,0,1,0,0,0,0,1,0
R0340,0,-0.7729110538209052,-0.6496439828988397,-0.053295200901977334,-0.47441746882666497,-0.8373959384609287,0.1974492485223268,0,0,0,0,-0.34248699650517284,0,0,0,0,1,0,0,0,0,1,0,1,0,0,0
R0341,0,0.05991892720641715,-0.15625140624657075,-0.053295200901977334,-0.29419275338318235,1.7657151638435595,-0.45021110486500077,0,0,0,0,0.02176674753048035,0,0,1,1,0,0,0,0,0,0,1,1,0,0,0
R0342,0,-0.032617737352174214,-0.28513763035165324,-0.06723028388243768,-0.2018825332779839,1.1495941928839177,-0.8819846737898859,0,0,0,0,-0.14859085854214132,0,0,0,0,0,0,1,0,1,0,0,1,0,0,0
R0343,0,-0.4027643955865397,-0.34958074240419457,1.5213691758900192,-0.06121934073672916,-1.00682920547483,2.0684680471968284,0,0,0,0,-0.2569661221008193,0,1,0,0,0,0,1,0,0,1,0,0,0,1,0
R0344,0,0.05991892720641715,-0.10993291945880672,-0.06723028388243768,-0.13594666177427073,-0.3136931131452325,-0.5941356278399625,0,0,0,0,-0.05919898200147244,0,0,1,0,0,1,0,0,1,0,0,1,0,0,0
R0345,0,0.8002122436751481,-0.4905500500191285,-0.3319968605111803,-0.43925167069135124,-0.8527989627349194,1.9965057857093478,0,0,0,0,-0.18326907533263329,0,0,1,0,0,0,1,0,0,1,0,1,0,0,0
R0346,0,-0.8654477183794965,0.6895644394430331,-0.06723028388243768,0.562973576165089,1.3652365327197924,0.4133360329847692,0,0,0,0,0.01109740910758139,0,0,0,0,1,0,0,0,1,0,0,1,0,0,0
R0347,0,-1.3281310411724534,-0.27305454684180175,0.07212054592216383,-0.11836376270661378,-1.00682920547483,0.12548698703484587,0,0,0,0,-0.18246695583148823,0,0,0,1,0,0,0,0,0,0,1,1,0,0,0
R0348,0,-0.3102277310279483,-0.08173905793581998,-0.2623214456088796,-0.11396803793969966,1.9043423823094798,-1.7455318116396559,0,0,0,0,-0.053164799058397126,0,0,0,0,0,1,0,0,1,0,0,1,0,0,0
R0349,0,1.3554322310266962,0.4096396714648071,0.33688712255090647,0.2640642920149226,1.0725790715139625,-0.30628658189003927,0,0,0,0,0.020329317227054784,0,0,1,1,0,0,0,0,0,1,0,0,0,0,1
R0350,0,-1.4206677057310448,0.27068421110151497,0.26721170764860575,0.09702675087218252,-0.19046891895330395,-1.3857205042022518,0,0,0,0,0.03736575578795935,0,0,0,1,0,0,0,0,0,1,0,0,0,0,1
R0351,0,-1.1430577120552707,1.4125356027824802,0.19056875125607528,1.3805783828111324,0.9801609258700159,0.2694115100098077,0,0,1,1,-0.012965769190239318,0,0,0,1,0,0,0,0,0,0,1,0,0,0,1
R0352,0,-1.975887693082593,-0.573117787336447,0.3577897470215965,-0.4040858725560376,0.3640399549103737,0.3413737714972886,0,0,0,0,-0.2929868804781826,0,0,0,1,0,0,0,0,0,1,0,0,0,0,1
R0353,0,-0.4027643955865397,-0.2227083655507539,2.3992794036590093,-0.13155093700735646,-0.48312638015913434,1.6366944782719437,0,0,0,0,-0.14094493517457213,0,1,0,0,0,1,0,0,1,0,0,0,0,1,0
R0354,0,1.1703589019095135,-0.37576075667553943,0.7061668215331003,-0.557936239398035,-1.0684413025707942,0.05352472554736497,0,0,0,0,0.09116594427215403,0,0,1,0,0,0,1,0,0,0,1,0,0,0,1
R0355,0,0.522602249999374,-0.16027910074985458,-0.2344512796479594,-0.17111245990958446,-0.976023156926848,-0.5221733663524817,0,0,0,0,-0.07338435240464466,0,0,1,0,0,1,0,0,0,1,0,0,0,0,1
R0356,0,-0.6803743892623138,-0.48853620276748655,0.19753629274630496,-0.496396092661236,1.4576546783637383,-0.16236205891507743,0,0,0,0,-0.13342715658389045,0,0,0,1,0,0,0,0,0,1,0,1,0,0,0
R0357,0,-1.235594376613862,-0.3012484083647886,-2.1783953554221505,-0.4040858725560376,0.918548828774052,-0.37824884337751985,0,0,0,0,-0.012311459981826518,0,0,0,0,0,0,1,0,1,0,0,1,0,0,0
R0358,0,-0.21769106646935696,-0.3374976588943431,-0.29715915306002993,-0.38650297348838075,1.6578939939256228,-0.01843753594011562,0,0,0,0,-0.06556663716022985,0,0,0,1,0,0,0,0,0,0,1,1,0,0,0
R0359,0,-0.49530106014513103,-0.4724254247543513,0.8942904417693125,-0.48760464312740764,-0.2520810160492685,-1.3857205042022518,0,0,0,0,-0.12201990807266411,0,0,0,0,1,0,0,0,0,1,0,1,0,0,0
R0360,0,-0.5878377247037224,-0.546937773065102,-0.004522410470367105,-0.43046022115752286,-0.8836050112829015,0.12548698703484587,0,0,0,0,-0.2506901341479762,0,0,0,0,0,0,1,0,0,1,0,1,0,0,0
R0361,0,0.15245559176500853,0.8023398855349804,0.6922317385526409,0.5365992275636037,1.5192667754597033,-0.30628658189003927,0,0,0,0,0.06565694775584086,0,0,1,0,0,1,0,0,0,1,0,1,0,0,0
R0362,0,-1.235594376613862,0.7117167592110942,-1.1332641318876389,0.457476181759148,0.6258913675682215,0.557260555959731,0,0,0,0,0.06394044437909308,0,0,0,0,0,0,1,0,0,0,1,1,0,0,0
R0363,0,1.1703589019095135,0.07131333318896543,0.3299195810606768,-0.13594666177427073,1.0109669744179979,0.1974492485223268,0,0,0,0,0.06846935162707833,0,0,1,0,1,0,0,0,1,0,0,1,0,0,0
R0364,0,0.8927489082337394,-0.2468745325704569,0.4414002449043576,-0.12275948747352806,-0.49852940443312505,-0.09039979742759652,0,0,0,0,-0.16225024206882582,0,1,1,1,0,0,0,0,0,1,0,0,0,1,0
R0365,0,-0.032617737352174214,0.20019955729404804,0.3856599129825172,0.1981284205112094,-1.0684413025707942,0.05352472554736497,0,0,0,0,-0.051534647544833036,0,0,0,0,0,0,1,0,0,0,1,1,0,0,0
R0366,0,0.9852855727923309,0.3774181154385365,-0.5619257296887731,0.40472748455617735,1.5192667754597033,-1.0259091967648475,0,0,0,0,-0.05490284125079742,0,0,1,1,0,0,0,0,1,0,0,1,0,0,0
R0367,0,-1.8833510285240016,0.053188707924188235,-0.38773719243302124,0.00032080600006989703,1.226609314253873,-0.23432432040255835,0,0,0,0,-0.0332327568957553,0,0,0,0,0,1,0,0,1,0,0,1,0,0,0
R0368,1,-0.9579843829380879,2.3026560880082063,-1.3074526691433908,1.8860867310062666,0.25621878499243644,-1.7455318116396559,0,0,1,1,0.0709409130960974,0,0,0,0,0,1,0,0,0,1,0,1,0,0,0
R0369,0,0.05991892720641715,-0.5187439115421153,0.051217921451473795,-0.3733157991876381,-0.19046891895330395,0.12548698703484587,0,0,0,0,-0.254463689377314,0,0,1,1,0,0,0,0,1,0,0,1,0,0,0
R0370,0,-0.49530106014513103,-0.1824314205179157,0.218438917216995,-0.4084815973229518,-0.8990080355568927,-0.5221733663524817,0,0,0,0,0.1156957232462551,0,0,0,0,1,0,0,0,1,0,0,1,0,0,0
R0371,0,2.28079887661261,-0.4603423412444998,-0.06723028388243768,-0.3733157991876381,0.3332339063623917,-0.6660978893274434,0,0,0,0,-0.19722880357668834,0,0,1,0,1,0,0,0,0,0,1,0,0,0,1
R0372,0,-1.4206677057310448,-0.45027310498629025,-0.3668345679623307,-0.3733157991876381,-1.1762624724887318,-1.0259091967648475,0,0,0,0,-0.18736071981795976,0,0,0,1,0,0,0,0,0,0,1,0,0,0,1
R0373,0,0.4300655854407826,-0.432148479721513,0.023347755490553096,-0.7029951567062039,0.410249027732347,-0.5221733663524817,0,0,0,0,0.3238060188841801,0,0,1,0,0,0,1,0,0,0,1,1,0,0,0
R0374,0,0.6151389145579653,0.5506089790797412,0.16966612678538526,0.378353135954692,0.07138249370454389,-0.8100224123024049,0,0,0,0,0.0311742224505827,0,0,1,1,0,0,0,1,0,0,0,1,0,0,0
R0375,0,-1.0505210474966793,0.027008693652843377,0.28114679062906606,0.03988232890229774,0.9493548773220339,-0.8100224123024049,0,0,0,0,-0.06986246733902957,0,0,0,0,1,0,0,0,0,1,0,0,0,0,1
R0376,0,-0.12515440191076557,-0.4059684654501681,1.2426675162808163,-0.33815000105232446,-0.5755445258030804,-0.6660978893274434,0,0,0,0,-0.16805712583513174,0,1,0,0,0,1,0,0,0,0,1,0,0,1,0
R0377,1,-1.975887693082593,-0.4623561884961417,-0.7779195158859056,-0.49200036789432183,-0.39070823451518777,-0.738060150814924,0,0,0,0,-0.10558897710373867,0,0,0,0,0,0,1,0,0,0,1,1,0,0,0
R0378,0,-0.3102277310279483,0.4277642967295843,-0.42257489988417163,0.3168129892178931,-0.02103565193940267,-0.8100224123024049,0,0,0,0,0.004053344196266153,0,0,0,0,1,0,0,0,0,1,0,0,0,0,1
R0379,0,0.6151389145579653,-0.5690900928331631,0.5807510747089591,-0.6282678356686624,-0.005632627665411396,-1.9614185961020985,0,0,0,0,-0.10062026357873559,0,0,1,0,0,1,0,1,0,0,0,0,0,0,1
R0380,0,-1.3281310411724534,-0.2408329908155312,-0.04632765941174766,-0.28100557908243967,-1.3765017880506154,0.2694115100098077,0,0,0,0,-0.061607818485030094,0,0,0,0,0,1,0,0,0,1,0,1,0,0,0
R0381,0,-1.0505210474966793,-0.5348546895552506,0.48320549384573863,-0.5315618907965498,-2.054234856106222,2.1404303086843095,0,0,0,0,-0.15949789508743198,0,1,0,0,0,0,1,0,0,1,0,0,0,1,0
R0382,0,1.7255788892610617,-0.07771136343253615,-0.3807696509427911,-0.24583978094712602,-0.40611125878917903,-0.16236205891507743,0,0,0,0,0.04546696656612592,0,0,1,0,0,0,1,0,1,0,0,1,0,0,0
R0383,0,-0.49530106014513103,1.2413585863929175,-0.359867026472101,1.1344177958639365,-1.0222322297488213,-1.6016072886646944,0,0,1,1,0.005393114166984979,0,0,0,0,1,0,0,0,0,0,1,1,0,0,0
R0384,0,-0.3102277310279483,-0.19451450402776718,1.012738647103224,-0.10517658840587127,-1.3610987637766243,0.8451096019096547,0,0,0,0,-0.13514417610971255,0,1,0,1,0,0,0,0,0,1,0,0,0,1,0
R0385,0,1.4479688955852876,0.004856373884782258,-0.8266923063175158,-0.08319796457130021,-1.037635254022812,1.7806190012469054,0,0,0,0,-0.013972683421946588,0,0,1,0,0,1,0,0,1,0,0,1,0,0,0
R0386,0,0.3375289208821913,-0.5046469807806219,-0.8754650967491265,-0.24144405618021172,0.5642792704722576,0.2694115100098077,0,0,0,0,-0.30197146404433584,0,0,1,0,0,1,0,0,0,1,0,1,0,0,0
R0387,0,-0.032617737352174214,-0.2811099358483694,-1.0566211754951085,-0.47881319359357916,-0.6217535986250536,0.12548698703484587,0,0,0,0,0.09684009243342305,0,0,0,0,1,0,0,0,1,0,0,1,0,0,0
R0388,0,0.15245559176500853,-0.2690268523385179,0.6713291140819498,-0.4172730468567802,-0.09805077330935795,0.4852982944722501,0,0,0,0,0.03513373117962347,0,0,1,0,0,0,1,0,1,0,0,0,0,0,1
R0389,0,0.4300655854407826,-0.3374976588943431,-0.5549581881985429,-0.3249628267515818,1.1187881443359358,-0.23432432040255835,0,0,0,0,-0.11428391700332152,0,0,1,1,0,0,0,0,0,1,0,1,0,0,0
R0390,0,0.9852855727923309,-0.5147162170388315,-0.12993815729450825,-0.5271661660296355,-2.1774590502981503,-0.8100224123024049,0,0,0,0,-0.13717720260609548,0,0,1,0,0,0,1,0,1,0,0,1,0,0,0
R0391,0,0.15245559176500853,-0.2992345611131467,-0.49225031478647235,0.04427805366921201,-0.9914261812008393,-1.7455318116396559,0,0,0,0,-0.26143487644463903,0,0,1,0,0,1,0,0,1,0,0,0,0,0,1
R0392,0,2.095725547495427,0.10957643097016188,1.2147973503198966,0.14537972330823892,2.181596819241318,0.12548698703484587,0,0,0,0,-0.07444825518488267,0,0,1,0,0,0,1,0,0,1,0,0,0,0,1
R0393,0,-0.7729110538209052,0.36734887918032694,-0.06723028388243768,0.24208566818035154,-0.29829008887124175,0.4133360329847692,0,0,0,0,0.010625697349970056,0,0,0,0,0,0,1,0,0,0,1,1,0,0,0
R0394,0,0.8927489082337394,-0.025351334889846346,-0.6037309786301537,0.00032080600006989703,0.5642792704722576,1.6366944782719437,0,0,0,0,-0.08086506791770783,0,0,1,0,1,0,0,0,0,1,0,1,0,0,0
R0395,0,-1.513204370289636,0.14582568149971628,-1.4259008744773023,0.14098399854132462,0.918548828774052,-0.01843753594011562,0,0,0,0,-0.053224437761077534,0,0,0,0,0,0,1,0,0,1,0,1,0,0,0
R0396,1,-0.12515440191076557,1.2091370303666469,1.1102842279664453,1.0069417776234244,-0.7141717442690002,0.3413737714972886,0,0,1,1,0.033570829750247375,0,0,0,0,0,0,1,0,0,0,1,0,0,0,1
R0397,0,-0.49530106014513103,0.9392814986466305,-1.6070569532232843,0.5497864018643461,-0.06724472476137594,-1.1698337197398092,0,0,0,0,0.11327555607296065,0,0,0,0,0,1,0,0,1,0,0,1,0,0,0
R0398,0,1.8181155538196532,0.572761298847802,1.0266737300836843,0.5761607504658315,-0.2058719432272952,-0.30628658189003927,0,0,0,0,-0.03857008741516418,0,0,1,0,0,1,0,0,0,1,0,0,0,0,1
R0399,0,-0.7729110538209052,0.08742411120210077,1.1520894769078254,-0.01286636830067277,0.5642792704722576,1.4927699552969818,0,0,0,0,-0.004675576488188293,0,0,0,0,0,1,0,0,1,0,0,0,0,0,1
R0400,0,-0.7729110538209052,-0.21062528204090242,-0.32502931902095067,-0.24583978094712602,-0.2520810160492685,0.8451096019096547,0,0,0,0,-0.06217196382249649,0,0,0,0,0,1,0,0,0,1,0,1,0,0,0
R0401,0,0.05991892720641715,0.15992261226120974,0.8106799438865514,0.3695616864208636,-0.9606201326528567,0.4852982944722501,0,0,0,0,-0.13692741878393647,0,1,1,1,0,0,0,0,0,1,0,0,0,1,0
R0402,0,0.6151389145579653,-0.48853620276748655,-0.18567848921634916,-0.4480431202251797,1.8581333094875059,-0.5221733663524817,0,0,0,0,-0.17439356843252296,0,0,1,0,1,0,0,0,1,0,0,1,0,0,0
R0403,0,0.6151389145579653,-0.3596499786624041,0.26024416615837603,-0.5711234136987776,-0.2520810160492685,-0.01843753594011562,0,0,0,0,0.13637609252484525,0,0,1,0,1,0,0,0,0,1,0,0,0,0,1
R0404,0,-0.7729110538209052,-0.5670762455815213,-1.8369858224008766,-0.5227704412627213,0.6258913675682215,-0.9539469352773667,0,0,0,0,-0.209563908275099,0,0,0,0,0,0,1,0,1,0,0,1,0,0,0
R0405,0,-0.6803743892623138,0.06929948593732356,-0.29715915306002993,0.07944385180452573,2.1353877464193456,-0.16236205891507743,0,0,0,0,-0.06533224173595606,0,0,0,0,0,1,0,0,1,0,0,1,0,0,0
R0406,0,-0.7729110538209052,1.2373308918896337,-0.7082441009836048,0.9278187318189685,0.6258913675682215,-1.1698337197398092,0,0,1,1,0.06797253681111487,0,0,0,0,0,1,0,1,0,0,0,1,0,0,0
R0407,0,-0.032617737352174214,-0.04146211290298167,0.8942904417693125,-0.021657817834501162,-0.8527989627349194,0.12548698703484587,0,0,0,0,-0.07931878259165996,0,0,0,0,0,0,1,0,0,1,0,0,0,0,1
R0408,0,-0.8654477183794965,-0.6617270664086912,0.4692704108652783,-0.1623210103757559,1.0571760472399712,0.8451096019096547,0,0,0,0,-0.443485242149347,0,1,0,0,0,0,1,0,1,0,0,0,0,1,0
R0409,0,-0.8654477183794965,-0.1703483370080642,0.6643615725917202,-0.11836376270661378,0.6258913675682215,1.4208076938095013,0,0,0,0,-0.11159800328666007,0,0,0,0,1,0,0,1,0,0,0,1,0,0,0
R0410,0,1.540505560143879,-0.19048680952448335,-0.12993815729450825,-0.06561506550364328,0.22541273644445445,0.4852982944722501,0,0,0,0,-0.15194948079144532,0,0,1,0,0,1,0,1,0,0,0,0,0,0,1
R0411,0,0.8927489082337394,-0.4905500500191285,-1.2447447957313202,-0.39089869825529494,2.181596819241318,0.2694115100098077,0,0,0,0,-0.21616963300015835,0,0,1,1,0,0,0,0,0,1,0,1,0,0,0
R0412,0,-0.3102277310279483,-0.3254145753844916,-1.6000894117330542,-0.22825688187946908,-0.6371566228990448,-0.23432432040255835,0,0,0,0,-0.1651661875746439,0,0,0,0,0,1,0,0,0,0,1,1,0,0,0
R0413,0,1.540505560143879,0.6170659383839241,-1.1123615074169488,0.38274886072160624,-1.545935055064517,0.05352472554736497,0,0,0,0,0.05818267012181015,0,0,1,0,0,0,1,0,0,0,1,1,0,0,0
R0414,0,-0.032617737352174214,8.781202696540245,-0.5410231052180826,-0.06121934073672916,0.24081576071844515,-0.5941356278399625,0,0,1,0,5.651532502938794,1,0,0,0,0,1,0,0,0,0,1,1,0,0,0
R0415,0,-0.6803743892623138,0.24651804408181197,-0.12993815729450825,-0.04363644166907222,0.6875034646641861,-0.09039979742759652,0,0,0,0,0.1153809709322172,0,0,0,0,0,0,1,0,0,1,0,1,0,0,0
R0416,0,-0.6803743892623138,-0.4361761742247968,-0.2344512796479594,-0.619476386134834,1.1649972171579084,1.564732216784463,0,0,0,0,0.1068044501800417,0,0,0,1,0,0,0,0,1,0,0,1,0,0,0
R0417,0,2.6509455348469753,0.7801875657669191,-0.8057896818468258,0.457476181759148,-0.19046891895330395,0.12548698703484587,0,0,0,0,0.0922591287802884,0,0,1,0,1,0,0,0,0,1,0,1,0,0,0
R0418,0,-1.235594376613862,-0.08778059969074568,0.817647485376782,-0.25463123048095443,0.04057644515656188,0.7011850789346928,0,0,0,0,0.04484426201015866,0,0,0,1,0,0,0,0,0,0,1,0,0,0,1
R0419,1,0.7076755791165568,0.2445041968301701,1.9394216653038236,0.11900537470675358,-1.3610987637766243,0.12548698703484587,0,0,0,0,0.010774613123295931,0,1,1,0,0,0,1,0,0,0,1,0,0,1,0
R0420,0,-0.3102277310279483,-0.33951150614598496,0.15573104380492492,-0.14913383607501338,1.4576546783637383,1.1329586478595777,0,0,0,0,-0.21514799059253828,0,0,0,1,0,0,0,0,1,0,0,1,0,0,0
R0421,0,-0.4027643955865397,-0.08375290518746185,0.31598449808021645,-0.39969014778912343,0.5950853190202395,0.4852982944722501,0,0,0,0,0.20619640245060603,0,0,0,0,1,0,0,0,0,1,0,1,0,0,0
R0422,0,-1.1430577120552707,-0.5630485510782374,-0.09510044984335789,-0.5183747164958071,1.2112062899798817,0.8451096019096547,0,0,0,0,-0.207942723086165,0,0,0,0,0,0,1,0,1,0,0,1,0,0,0
R0423,0,-0.9579843829380879,-0.12604369747194205,0.1348284193342349,-0.17111245990958446,1.9967605279534253,-0.30628658189003927,0,0,0,0,-0.04822073881988688,0,0,0,0,0,0,1,0,0,0,1,0,0,0,1
R0424,0,0.6151389145579653,0.6110243966289985,-1.0287510095341879,0.1805455214435525,-1.0684413025707942,-0.738060150814924,0,0,0,0,0.166993196972748,0,0,1,1,0,0,0,0,0,0,1,1,0,0,0
R0425,0,1.077822237350922,-0.454300799489574,-0.04632765941174766,-0.1623210103757559,-0.9606201326528567,-0.30628658189003927,0,0,0,0,-0.2926627232820697,0,0,1,1,0,0,0,0,0,1,0,0,0,0,1
R0426,0,-1.975887693082593,0.14179798699643253,1.9463892067940545,0.08383957657143985,-1.8693985648183293,0.9170718633971352,0,0,0,0,-0.026959503812444413,0,1,0,0,0,0,1,0,0,1,0,0,0,1,0
R0427,0,-0.49530106014513103,-0.3536084369074783,-0.7639844329054452,-0.22825688187946908,0.8723397559520787,0.1974492485223268,0,0,0,0,-0.18746459438384108,0,0,0,1,0,0,0,0,0,0,1,1,0,0,0
R0428,0,-0.9579843829380879,-0.19451450402776718,-0.8615300137686661,-0.3073799276839249,-0.15966287040532195,-0.738060150814924,0,0,0,0,-0.00017671534356728606,0,0,0,0,0,0,1,0,0,1,0,1,0,0,0
R0429,0,-0.7729110538209052,1.4407294643054671,-1.3980307085163821,1.3146425113074192,0.055979469430552604,0.7011850789346928,0,0,1,1,0.010749568607273835,0,0,0,0,1,0,0,0,1,0,0,1,0,0,0
R0430,1,-0.8654477183794965,-0.4482592577346483,-0.7988221403565956,-0.39529442302220913,0.7029064889381769,-1.1698337197398092,0,0,0,0,-0.17039948713190445,0,0,0,0,0,1,0,0,1,0,0,1,0,0,0
R0431,0,-0.7729110538209052,-0.3475668951525526,-1.676732368125585,-0.22386115711255494,0.5334732219242755,-1.24179598122729,0,0,0,0,-0.1850199185542613,0,0,0,0,0,0,1,0,0,1,0,1,0,0,0
R0432,0,0.15245559176500853,-0.30527610286807244,0.7410045289842506,0.022299429834640956,0.7183095132121681,0.7011850789346928,0,0,0,0,-0.2579434873343393,0,0,1,0,1,0,0,0,1,0,0,0,0,0,1
R0433,0,0.4300655854407826,-0.4039546181985262,0.6295238651405698,-0.39089869825529494,-1.4535169094205707,0.1974492485223268,0,0,0,0,-0.12877081356091155,0,1,1,0,0,1,0,0,0,1,0,0,0,1,0
R0434,0,2.1882622120540187,0.3794319626901783,0.239341541687686,0.3036258149171504,-0.8065898899129461,1.6366944782719437,0,0,0,0,-0.012290099599749148,0,0,1,1,0,0,0,0,0,1,0,0,0,0,1
R0435,0,0.6151389145579653,9.179944452365342,0.07212054592216383,0.3343958882855499,0.31783088208840043,-1.0259091967648475,0,0,1,0,3.954957208749871,1,0,1,0,0,0,1,0,0,1,0,0,0,0,1
R0436,0,0.9852855727923309,-0.3012484083647886,-1.0008808435732677,-0.4084815973229518,1.2112062899798817,-0.16236205891507743,0,0,0,0,-0.007913412082311014,0,0,1,0,0,1,0,0,0,0,1,1,0,0,0
R0437,0,1.1703589019095135,-0.30930379737135627,0.49017303533596834,-0.21506970757872657,-1.1300533996667586,0.12548698703484587,0,0,0,0,-0.15986619679364011,0,0,1,0,0,0,1,0,0,1,0,0,0,0,1
R0438,0,0.7076755791165568,0.4499166164976454,-0.8475949307882062,0.26846001678183673,-1.1454564239407496,-1.313758242714771,0,0,0,0,0.03738141310970365,0,0,1,0,1,0,0,0,1,0,0,1,0,0,0
R0439,0,-0.12515440191076557,-0.04146211290298167,-1.572219245772134,-0.030449267368329553,-2.146653001750168,-0.30628658189003927,0,0,0,0,-0.0746452742182601,0,0,0,1,0,0,0,0,1,0,0,1,0,0,0
R0440,0,-0.032617737352174214,-0.5590208565749536,-0.5688932711790032,-0.7073908814731182,-1.2070685210367138,-0.30628658189003927,0,0,0,0,0.06169698124104779,0,0,0,0,1,0,0,0,0,1,0,0,0,0,1
R0441,0,1.1703589019095135,-0.37978845117882326,-0.9521080531416574,-0.4700217440597508,0.6566974161162041,-0.09039979742759652,0,0,0,0,-0.029947769928724045,0,0,1,0,0,0,1,0,1,0,0,1,0,0,0
R0442,0,-1.3281310411724534,-0.16632064250478037,-0.2065811136870392,-0.28100557908243967,0.5796822947462488,-0.6660978893274434,0,0,0,0,0.0017713458823512109,0,0,0,0,1,0,0,0,0,0,1,1,0,0,0
R0443,0,0.9852855727923309,-0.13007139197522588,-1.0217834680439581,-0.26781840478169705,0.5180701976502843,0.12548698703484587,0,0,0,0,0.02118478361650413,0,0,1,0,0,0,1,0,1,0,0,1,0,0,0
R0444,0,-1.6057410348482275,-0.33951150614598496,-1.0566211754951085,-0.38650297348838075,1.0571760472399712,1.1329586478595777,0,0,0,0,-0.06758411206201427,0,0,0,1,0,0,0,1,0,0,0,1,0,0,0
R0445,0,0.3375289208821913,-0.4804808137609189,-0.4992178562767025,-0.34254572581923864,0.19460668789647242,-1.1698337197398092,0,0,0,0,-0.2346866884098207,0,0,1,0,0,1,0,0,0,1,0,1,0,0,0
R0446,0,-0.6803743892623138,-0.50263313352898,-0.15084078176519877,-0.26781840478169705,0.9801609258700159,-0.23432432040255835,0,0,0,0,-0.2898425970752741,0,0,0,0,0,0,1,0,1,0,0,0,0,0,1
R0447,0,-1.975887693082593,1.0379600139770844,-0.9103028042002769,0.8091341631122849,0.6258913675682215,0.6292228174472115,0,0,1,0,0.044978099411505566,0,0,0,0,0,0,1,0,1,0,0,1,0,0,0
R0448,0,1.7255788892610617,-0.6536716774021235,-0.7221791839640647,-0.6898079824054614,-0.15966287040532195,-0.738060150814924,0,0,0,0,-0.17139236609928982,0,0,1,1,0,0,0,0,0,1,0,1,0,0,0
R0449,0,-0.12515440191076557,0.5425535900731735,-0.011489951960597279,0.505829154195204,0.48726414910230226,-0.5221733663524817,0,0,0,0,-0.024835132042544807,0,0,0,1,0,0,0,0,0,1,0,1,0,0,0
R0450,0,0.05991892720641715,-0.15222371174328692,1.1520894769078254,-0.12275948747352806,-0.06724472476137594,0.4852982944722501,0,0,0,0,-0.09660471257229908,0,0,1,0,1,0,0,0,0,1,0,0,0,0,1
R0451,0,1.077822237350922,-0.27305454684180175,-0.2901916115698003,-0.23265260664638335,2.181596819241318,0.7011850789346928,0,0,0,0,-0.12104719695930369,0,0,1,0,0,0,1,0,0,1,0,0,0,0,1
R0452,0,-0.4027643955865397,0.04110562441433683,-0.2832240700795701,-0.09638513887204272,-0.7603808170909735,0.3413737714972886,0,0,0,0,0.018926416189133294,0,0,0,0,0,1,0,0,0,0,1,1,0,0,0
R0453,0,1.077822237350922,-0.3536084369074783,-0.938172970161197,-0.33815000105232446,0.9339518530480426,-0.09039979742759652,0,0,0,0,-0.1195548182648329,0,0,1,0,0,1,0,0,0,1,0,1,0,0,0
R0454,0,-0.12515440191076557,-0.2811099358483694,0.26721170764860575,-0.18429963421032697,1.2112062899798817,-0.5221733663524817,0,0,0,0,-0.1552049419124453,0,0,0,0,0,0,1,0,0,0,1,0,0,0,1
R0455,0,-0.6803743892623138,1.0299046249705164,1.1451219354175957,0.9322144565858828,0.7799216103081321,0.12548698703484587,0,0,1,1,0.001983987999520401,0,0,0,0,0,1,0,0,0,0,1,0,0,0,1
R0456,0,-1.1430577120552707,-0.3133314918746401,-0.2274837381577292,-0.32935855151849597,0.9955639501440072,0.4852982944722501,0,0,0,0,-0.0890265986870618,0,1,0,1,0,0,0,0,0,1,0,0,0,1,0
R0457,0,0.522602249999374,0.21228264080389944,-0.21354865517726934,-0.026053542601415434,-1.3765017880506154,-2.177305380564541,0,0,0,0,0.08115120350825555,0,0,1,1,0,0,0,0,0,1,0,1,0,0,0
R0458,0,0.522602249999374,-0.2831237831000114,-0.06723028388243768,-0.19748680851106962,0.08678551797853461,-0.16236205891507743,0,0,0,0,-0.14950719402885937,0,0,1,0,1,0,0,0,0,1,0,1,0,0,0
R0459,0,1.3554322310266962,-0.6335332048857044,-1.1262965903974094,-0.5271661660296355,-0.036438676213393396,0.6292228174472115,0,0,0,0,-0.29318873263244105,0,0,1,0,1,0,0,1,0,0,0,1,0,0,0
R0460,0,-0.3102277310279483,0.4962351032854094,0.0024451310198630688,0.13219254900749625,1.257415362801855,0.6292228174472115,0,0,0,0,0.138286044220083,0,0,0,1,0,0,0,0,1,0,0,1,0,0,0
R0461,0,0.522602249999374,-0.5187439115421153,0.35082220553136684,-0.4612302945259223,0.3640399549103737,0.4852982944722501,0,0,0,0,-0.19860029996349465,0,0,1,1,0,0,0,0,0,0,1,0,0,0,1
R0462,0,1.077822237350922,-0.047503654657907464,0.21147137572676533,-0.17111245990958446,-0.48312638015913434,-0.09039979742759652,0,0,0,0,0.009507551168675266,0,0,1,0,0,1,0,0,0,1,0,0,0,0,1
R0463,0,-1.7908143639654102,-0.36569152041732983,-0.8963677212198166,-0.12275948747352806,-0.6063505743510629,-0.01843753594011562,0,0,0,0,-0.24465633228786987,0,0,0,0,0,1,0,0,0,1,0,1,0,0,0
R0464,0,0.3375289208821913,-0.23881914356388925,2.0090970802061245,-0.11396803793969966,-0.8219929141869374,2.1404303086843095,0,0,0,0,-0.16100241690505118,0,1,1,0,0,0,1,0,0,1,0,0,0,1,0
R0465,0,-1.0505210474966793,-0.1461821699883612,-2.004206818166398,-0.10517658840587127,0.6721004403901948,-0.37824884337751985,0,0,0,0,-0.10229684605050754,0,0,0,0,0,0,1,0,1,0,0,1,0,0,0
R0466,0,0.7076755791165568,0.7016475229528847,-0.575860812669233,0.7519897411424,-0.6063505743510629,-1.3857205042022518,0,0,0,0,-0.04970846515305556,0,0,1,0,0,0,1,0,0,1,0,1,0,0,0
R0467,0,-0.49530106014513103,-0.18444526776955755,1.695557713145771,-0.23265260664638335,-0.2212749675012865,1.2768831708345394,0,0,0,0,-0.05055425039106856,0,1,0,0,0,1,0,0,0,0,1,0,0,1,0
R0468,0,-1.0505210474966793,0.435819685736152,0.17663366827561494,0.3168129892178931,-0.4215142830631698,1.060996386372097,0,0,0,0,0.0077463491012276465,0,0,0,0,0,1,0,0,1,0,0,1,0,0,0
R0469,0,0.05991892720641715,-0.5811731763430146,-1.0287510095341879,-0.1623210103757559,0.19460668789647242,1.2768831708345394,0,0,0,0,-0.38491339016205484,0,0,1,0,0,1,0,0,0,0,1,1,0,0,0
R0470,0,0.6151389145579653,0.8969907063621501,-2.025109442637089,0.6201179981349736,0.5026671733762935,-0.16236205891507743,0,0,0,0,0.06691051971464183,0,0,1,0,0,0,1,0,0,1,0,1,0,0,0
R0471,0,-0.9579843829380879,0.6029690076224309,-1.4049982500066123,-0.1623210103757559,-1.2378745695846958,1.564732216784463,0,0,0,0,0.4760928340511397,0,0,0,0,0,1,0,0,0,0,1,1,0,0,0
R0472,0,-0.3102277310279483,-0.36166382591404594,-0.9869457605928078,-0.4568345697590081,-1.191665496762723,-1.6016072886646944,0,0,0,0,-0.023318339216977728,0,0,0,0,0,1,0,0,0,1,0,1,0,0,0
R0473,0,-1.4206677057310448,-0.5127023697871895,-0.6106985201203833,-0.4656260192928366,-1.0838443268447853,0.3413737714972886,0,0,0,0,-0.188322225414964,0,0,0,1,0,0,0,0,0,0,1,1,0,0,0
R0474,0,0.2449922563235999,-0.43416232697315493,-0.9033352627100467,-0.6985994319392898,-1.00682920547483,0.7011850789346928,0,0,0,0,0.30536503736005594,0,0,1,0,0,1,0,0,1,0,0,1,0,0,0
R0475,0,-0.49530106014513103,0.10152104196359421,-0.938172970161197,-0.16671673514267019,-0.26748404032325923,2.4282793546342325,0,0,0,0,0.11524273511861956,0,0,0,0,0,0,1,0,1,0,0,1,0,0,0
R0476,0,-0.5878377247037224,-0.33346996439105925,-0.06723028388243768,-0.5271661660296355,1.319027459897819,-2.10534311907706,0,0,0,0,0.10080648726460122,0,0,0,1,0,0,0,0,0,0,1,0,0,0,1
R0477,0,1.077822237350922,-0.5368685368068925,-0.21354865517726934,-0.6634336338039761,0.8261306831301054,0.7011850789346928,0,0,0,0,0.013619252734812097,0,0,1,0,0,1,0,0,0,1,0,1,0,0,0
R0478,0,-1.3281310411724534,-0.4200653962116615,1.7582655865578423,-0.2634226800147828,-1.2070685210367138,1.2768831708345394,0,0,0,0,-0.2231400909922455,0,1,0,0,1,0,0,0,0,0,1,0,0,1,0
R0479,0,0.8002122436751481,-0.385829992933749,-0.8824326382393567,-0.1623210103757559,0.379442979184365,-1.313758242714771,0,0,0,0,-0.24287664909287138,0,0,1,1,0,0,0,0,0,0,1,1,0,0,0
R0480,0,-0.9579843829380879,-0.4361761742247968,-0.9521080531416574,-0.6018934870671772,0.42565205200633827,-1.7455318116396559,0,0,0,0,0.0746713275242793,0,0,0,0,1,0,0,0,0,1,0,1,0,0,0
R0481,0,-0.3102277310279483,-0.4301346324698711,-0.06723028388243768,-0.5271661660296355,-0.26748404032325923,1.1329586478595777,0,0,0,0,-0.026118147333103723,0,1,0,0,0,1,0,0,1,0,0,0,0,1,0
R0482,0,-0.032617737352174214,0.1679780012677774,0.2950818736095264,0.26846001678183673,1.1649972171579084,0.7011850789346928,0,0,0,0,-0.09688012084708224,0,0,0,0,1,0,0,0,0,1,0,1,0,0,0
R0483,1,1.540505560143879,-0.08375290518746185,0.1626985852951546,-0.0392407169021581,0.10218854225252588,-0.09039979742759652,0,0,0,0,-0.09661123927039977,0,0,1,1,0,0,0,0,0,1,0,1,0,0,0
R0484,0,-0.5878377247037224,0.006870221136424308,-0.575860812669233,-0.1623210103757559,1.0879820957879531,-1.0978714582523283,0,0,0,0,0.04266112934517782,0,0,0,0,0,0,1,0,0,0,1,1,0,0,0
R0485,0,0.522602249999374,-0.1401406282334355,0.9988035641227636,-0.16671673514267019,1.1033851200619444,0.1974492485223268,0,0,0,0,-0.06142263465926707,0,0,1,0,0,1,0,0,0,1,0,0,0,0,1
R0486,0,-0.032617737352174214,-0.12000215571701635,-0.3110942360404903,-0.39089869825529494,0.42565205200633827,-0.30628658189003927,0,0,0,0,0.15781601297243236,0,0,0,0,0,1,0,0,0,0,1,1,0,0,0
R0487,0,1.540505560143879,1.2111508776182889,1.2635701407515063,0.9717759794881106,0.7183095132121681,0.557260555959731,0,0,1,1,0.0453126929148728,0,0,1,0,0,1,0,0,0,1,0,0,0,0,1
R0488,0,-1.235594376613862,1.1265692930493285,-0.3459319434916407,0.730011117307829,-1.1146503753927675,-0.37824884337751985,0,0,1,0,0.10489183995275585,0,0,0,0,1,0,0,0,1,0,0,1,0,0,0
R0489,0,0.2449922563235999,0.01693945739463384,-1.3492579180847715,-0.17550818467649856,0.5488762461982662,0.557260555959731,0,0,0,0,0.06037671408559655,0,0,1,0,1,0,0,0,0,0,1,1,0,0,0
R0490,0,-1.1430577120552707,0.16999184851941926,0.9569983151813836,-0.017262093067587043,-0.6063505743510629,0.1974492485223268,0,0,0,0,0.04895960931915374,0,0,0,0,1,0,0,0,0,1,0,0,0,0,1
R0491,0,-0.8654477183794965,-0.5348546895552506,0.7410045289842506,-0.5843105879995203,0.6721004403901948,1.852581262734386,0,0,0,0,-0.10288992284324311,0,1,0,0,0,0,1,0,0,1,0,0,0,1,0
R0492,0,-0.3102277310279483,0.0431194716659787,-1.2656474202020107,0.16735834714280998,0.7337125374861594,-0.8819846737898859,0,0,0,0,-0.1186470975071808,0,0,0,1,0,0,0,0,0,1,0,1,0,0,0
R0493,0,0.3375289208821913,-0.5610347038265955,-0.24838636262841973,-0.7997011015783168,-0.914411059830884,-1.7455318116396559,0,0,0,0,0.3858064670853626,0,0,1,0,1,0,0,0,1,0,0,1,0,0,0
R0494,0,0.15245559176500853,0.15186722325464205,-0.43650998286463144,0.026695154601555072,-0.5601415015290896,0.12548698703484587,0,0,0,0,0.010612862733790506,0,0,1,0,0,0,1,0,0,1,0,1,0,0,0
R0495,0,-1.975887693082593,-0.41201000720509384,1.0057711056129943,-0.3073799276839249,-0.2828870645972505,-0.45021110486500077,0,0,0,0,-0.19243020598420843,0,0,0,1,0,0,0,0,0,1,0,0,1,0,0
R0496,0,-0.5878377247037224,-0.41603770170837767,0.15573104380492492,-0.14913383607501338,-0.4523203316111523,0.8451096019096547,0,0,0,0,-0.2699080236409749,0,0,0,0,1,0,0,0,0,1,0,0,0,0,1
R0497,0,-0.7729110538209052,0.33109962865077236,1.54923934185094,0.272855741548751,0.3332339063623917,1.6366944782719437,0,0,0,0,-0.021182189320970612,0,1,0,0,0,0,1,0,0,0,1,0,0,1,0
R0498,0,0.15245559176500853,0.3411688649089821,1.0824140620055247,0.5278077780297751,-1.3919048123246063,0.2694115100098077,0,0,0,0,-0.1123920531751174,0,0,1,0,0,0,1,0,0,1,0,0,0,0,1
R0499,0,-0.6803743892623138,0.2203380298104671,-0.43650998286463144,-0.004074918766844377,0.19460668789647242,0.6292228174472115,0,0,0,0,0.07107639267414788,0,0,0,0,0,0,1,0,0,0,1,1,0,0,0
R0500,0,0.05991892720641715,-0.5630485510782374,-0.7152116424738345,-0.24144405618021172,0.5334732219242755,-1.5296450271772133,0,0,0,0,-0.3489858345234212,0,0,1,0,0,1,0,0,0,1,0,1,0,0,0
R0501,0,0.7076755791165568,-0.41603770170837767,1.54923934185094,-0.34694145058615283,-0.9298140841048748,-0.01843753594011562,0,0,0,0,-0.17173625386663946,0,0,1,1,0,0,0,0,0,1,0,0,0,0,1
R0502,0,0.05991892720641715,-0.5549931620716697,-0.12993815729450825,-0.4524388449920939,0.6566974161162041,1.852581262734386,0,0,0,0,-0.24587845650722015,0,0,1,1,0,0,0,0,0,0,1,1,0,0,0
R0503,0,-1.698277699406819,-0.23680529631224737,2.2181233249130266,-0.026053542601415434,-0.6833656957210181,0.8451096019096547,0,0,0,0,-0.19873857491673338,0,1,0,0,1,0,0,0,0,1,0,0,0,1,0
R0504,0,-0.9579843829380879,-0.4623561884961417,-1.0844913414560287,-0.7513481291422603,1.257415362801855,0.6292228174472115,0,0,0,0,0.43728898210955863,0,0,0,1,0,0,0,0,0,0,1,1,0,0,0
R0505,0,-0.9579843829380879,-0.0756975161808942,1.270537682241737,8.598358450084268,0.9955639501440072,0.4852982944722501,0,0,0,1,-0.5356855087436615,0,0,0,0,0,1,0,0,0,1,0,0,0,0,1
R0506,0,1.540505560143879,0.15992261226120974,1.9881944557354345,0.14537972330823892,1.3498335084458015,0.4133360329847692,0,0,0,0,-0.04785068567893458,0,0,1,0,1,0,0,1,0,0,0,0,0,0,1
R0507,0,-0.6803743892623138,-0.5187439115421153,-1.4607385819284526,-0.42606449639060867,0.5026671733762935,-1.6735695501521752,0,0,0,0,-0.22307378484954882,0,0,0,0,1,0,0,0,0,0,1,1,0,0,0
R0508,0,0.9852855727923309,-0.2811099358483694,1.1938947258492054,-0.14913383607501338,-1.00682920547483,0.4133360329847692,0,0,0,0,-0.17335743905557346,0,1,1,1,0,0,0,0,0,0,1,0,0,1,0
R0509,0,-1.0505210474966793,11.86037514430073,-0.15780832325542846,-0.5183747164958071,-0.005632627665411396,-0.23432432040255835,0,0,1,0,15.793803565767782,1,0,0,0,0,0,1,0,0,1,0,0,0,0,1
R0510,0,-1.698277699406819,-0.18041757326627372,0.06515300443193364,-0.28100557908243967,0.7337125374861594,0.05352472554736497,0,0,0,0,-0.01021930683580197,0,0,0,0,0,1,0,0,1,0,0,1,0,0,0
R0511,0,-0.8654477183794965,-0.17236218425970606,1.312342931183117,-0.12275948747352806,-0.2212749675012865,-0.45021110486500077,0,0,0,0,-0.11057184650773032,0,0,0,0,0,1,0,0,0,1,0,0,0,0,1
R0512,0,0.2449922563235999,-0.3294422698877754,-0.40863981690371126,-0.1535295608419275,0.6104883432942309,-0.45021110486500077,0,0,0,0,-0.20594211157641676,0,0,1,0,0,0,1,0,0,0,1,0,0,0,1
R0513,1,0.522602249999374,-0.5207577587937572,1.012738647103224,-0.23704833141329762,-1.3456957395026334,-0.30628658189003927,0,0,0,0,-0.316533352309435,0,0,1,0,0,1,0,0,0,1,0,0,0,0,1
R0514,0,-1.3281310411724534,0.16999184851941926,-0.45741260733532196,0.37395741118777787,0.31783088208840043,-0.23432432040255835,0,0,0,0,-0.13395772628208705,0,0,0,0,1,0,0,0,1,0,0,1,0,0,0
R0515,0,-0.5878377247037224,-0.5449239258134602,-0.9312054286709669,-0.43046022115752286,0.9801609258700159,0.05352472554736497,0,0,0,0,-0.24851126125404893,0,0,0,0,0,0,1,0,0,1,0,1,0,0,0
R0516,0,-0.21769106646935696,-0.23277760180896354,0.8315825683572424,-0.4656260192928366,0.6258913675682215,0.9890341248846158,0,0,0,0,0.13524971075585887,0,0,0,0,0,1,0,0,0,1,0,0,0,0,1
R0517,0,-1.1430577120552707,0.12568720898329722,-0.3319968605111803,-0.03484499213524383,0.5180701976502843,0.05352472554736497,0,0,0,0,0.03286737083846549,0,0,0,0,0,1,0,0,1,0,0,1,0,0,0
R0518,0,0.05991892720641715,-0.36770536766897177,0.7828097779256317,-0.6062892118340913,-0.2212749675012865,-0.8100224123024049,0,0,0,0,0.19136472533173832,0,0,1,0,1,0,0,0,1,0,0,0,1,0,0
R0519,0,0.522602249999374,-0.5509654675683859,-2.401356683109513,-0.6414550099694051,0.9955639501440072,0.7731473404221734,0,0,0,0,-0.049950857400962625,0,0,1,1,0,0,0,0,0,0,1,1,0,0,0
R0520,1,1.262895566468105,1.132610834804254,-1.6000894117330542,0.7475940163754857,-0.19046891895330395,0.9890341248846158,0,0,1,0,0.09995870821671592,0,0,1,0,1,0,0,0,0,0,1,1,0,0,0
R0521,0,-1.975887693082593,-0.3234007281328496,-2.0669146915784693,-0.25463123048095443,0.410249027732347,1.2768831708345394,0,0,0,0,-0.1482831081333946,0,0,0,0,1,0,0,0,0,1,0,1,0,0,0
R0522,0,-0.3102277310279483,-0.3415253533976269,0.775842236435401,-0.026053542601415434,-0.6063505743510629,0.557260555959731,0,0,0,0,-0.26400435284543033,0,0,0,0,0,0,1,0,0,0,1,0,0,0,1
R0523,0,1.1703589019095135,0.31096115613435327,-0.9312054286709669,0.2992300901502363,0.379442979184365,-0.16236205891507743,0,0,0,0,-0.042147289331267435,0,0,1,1,0,0,0,0,0,0,1,0,0,0,1
R0524,0,-0.4027643955865397,-0.48853620276748655,0.476237952355508,-0.619476386134834,0.055979469430552604,1.34884543232202,0,0,0,0,0.020446683042680477,0,0,0,0,0,0,1,0,0,1,0,0,0,0,1
R0525,0,1.3554322310266962,-0.3133314918746401,-1.20990708828017,-0.39969014778912343,0.6875034646641861,0.8451096019096547,0,0,0,0,-0.029022830416542262,0,0,1,0,0,0,1,0,1,0,0,0,1,0,0
R0526,0,0.9852855727923309,-0.4301346324698711,-1.8857586128324875,-0.496396092661236,-0.08264774903536667,0.2694115100098077,0,0,0,0,-0.06162339076128731,0,0,1,0,0,1,0,0,0,1,0,0,1,0,0
R0527,0,-1.235594376613862,-0.3415253533976269,0.9500307736911529,-0.1623210103757559,0.025173420882570605,-1.313758242714771,0,0,0,0,-0.21066213049986077,0,0,0,0,0,1,0,0,0,1,0,0,0,0,1
R0528,0,-0.3102277310279483,-0.5932562598528661,0.44836778639458824,-0.6502464595032335,1.3344304841718102,-1.0259091967648475,0,0,0,0,-0.11196855990127344,0,0,0,0,0,1,0,0,0,1,0,1,0,0,0
R0529,0,1.4479688955852876,-0.24888837982209885,1.1102842279664453,-0.10517658840587127,-0.2520810160492685,0.2694115100098077,0,0,0,0,-0.1720974224263183,0,0,1,0,0,1,0,0,0,0,1,1,0,0,0
R0530,0,2.558408870288384,-0.18847296227284138,-0.32502931902095067,-0.4084815973229518,0.7953246345821233,-1.0978714582523283,0,0,0,0,0.10941051297531108,0,0,1,0,0,0,1,0,0,1,0,1,0,0,0
R0531,0,-1.6057410348482275,-0.1763898787629899,-0.10206799133358806,-0.11396803793969966,-0.6525596471730356,0.1974492485223268,0,0,0,0,-0.11814387647881684,0,1,0,0,0,0,1,0,0,0,1,0,0,1,0
R0532,0,-0.7729110538209052,-0.2065975875376186,0.8803553587888521,-0.17550818467649856,-0.3290961374192238,1.1329586478595777,0,0,0,0,-0.10482471434741356,0,1,0,0,0,1,0,0,1,0,0,0,0,1,0
R0533,0,-0.21769106646935696,-0.10993291945880672,0.9779009396520736,-0.07001079027055755,0.5026671733762935,-0.09039979742759652,0,0,0,0,-0.09723222148823872,0,0,0,0,0,1,0,0,1,0,0,1,0,0,0
R0534,0,0.522602249999374,-0.3898576874370328,-0.6037309786301537,-0.38650297348838075,-0.23667799177527724,-0.6660978893274434,0,0,0,0,-0.11802098460662694,0,0,1,0,1,0,0,0,0,0,1,1,0,0,0
R0535,0,-1.975887693082593,-0.30527610286807244,-0.44347752435486165,-0.5271661660296355,-0.14425984613133122,0.9890341248846158,0,0,0,0,0.13782617235559846,0,0,0,0,0,1,0,0,0,0,1,1,0,0,0
R0536,0,1.7255788892610617,-0.08778059969074568,1.5213691758900192,-0.16671673514267019,-0.9298140841048748,-0.9539469352773667,0,0,0,0,-0.0231451378740583,0,0,1,1,0,0,0,0,1,0,0,0,0,0,1
R0537,0,1.540505560143879,0.12971490348658093,-0.06723028388243768,0.2552728424810942,-1.7615773949003917,0.12548698703484587,0,0,0,0,-0.110094677519189,0,0,1,1,0,0,0,0,0,1,0,1,0,0,0
R0538,0,0.15245559176500853,-0.19048680952448335,0.5877186161991897,-0.22386115711255494,-0.14425984613133122,0.3413737714972886,0,0,0,0,-0.06150822834617494,0,0,1,1,0,0,0,0,0,1,0,0,0,0,1
R0539,0,-0.12515440191076557,0.2082549463006157,0.16966612678538526,0.17175407190972408,-0.4215142830631698,-0.37824884337751985,0,0,0,0,-0.03518130905930737,0,0,0,0,1,0,0,0,0,1,0,0,0,0,1
R0540,0,-0.21769106646935696,0.15992261226120974,0.6434589481210302,0.21131559481195208,0.48726414910230226,-1.0978714582523283,0,0,0,0,-0.07753003999110701,0,0,0,0,1,0,0,0,0,0,1,0,0,0,1
R0541,0,-0.21769106646935696,-0.42207924346330344,-1.7603428660083458,-0.4216687716236945,0.6412943918422128,-1.24179598122729,0,0,0,0,-0.12297730090077467,0,0,0,0,1,0,0,0,0,1,0,1,0,0,0
R0542,0,-1.975887693082593,0.07936872219553309,-0.30412669455026015,-0.021657817834501162,-0.26748404032325923,0.2694115100098077,0,0,0,0,-0.004357559176731109,0,0,0,0,1,0,0,0,1,0,0,1,0,0,0
R0543,0,2.003188882936836,-0.49256389727077043,0.9012579832595431,-0.6414550099694051,-0.40611125878917903,2.0684680471968284,0,0,0,0,0.05262595091704181,0,1,1,0,0,0,1,0,0,1,0,0,0,1,0
R0544,0,0.8927489082337394,0.17603339027434506,-0.2344512796479594,0.09263102610526824,1.7811181881175506,-1.0259091967648475,0,0,0,0,-0.012550042610056517,0,0,1,0,0,0,1,0,0,1,0,1,0,0,0
R0545,0,0.4300655854407826,-0.015282098631636811,-0.7221791839640647,-0.10957231317278539,-0.976023156926848,-0.8819846737898859,0,0,0,0,-0.010452890979662177,0,0,1,0,1,0,0,1,0,0,0,1,0,0,0
R0546,0,-0.3102277310279483,-0.5066608280322639,-0.24838636262841973,-0.5095832669619788,0.31783088208840043,-0.9539469352773667,0,0,0,0,-0.1437013660667251,0,0,0,0,1,0,0,0,1,0,0,1,0,0,0
R0547,0,-0.49530106014513103,-0.2509022270737407,0.2741792491388364,-0.351337175353067,0.348636930636383,-1.0259091967648475,0,0,0,0,-0.012674935014844384,0,0,0,0,0,1,0,0,1,0,0,0,0,0,1
R0548,0,1.540505560143879,-0.6556855246537654,-0.053295200901977334,-0.6722250833378045,-1.037635254022812,1.7806190012469054,0,0,0,0,-0.1988640860281347,0,1,1,1,0,0,0,0,1,0,0,0,0,1,0
R0549,0,-1.975887693082593,-0.5408962313101764,-0.5340555637278529,-0.38210724872146656,-1.0222322297488213,1.34884543232202,0,0,0,0,-0.27164576462780604,0,0,0,0,0,0,1,0,0,0,1,0,0,0,1
R0550,0,-0.6803743892623138,-0.24486068531881502,1.4656288439681788,-0.1623210103757559,1.1033851200619444,-0.5221733663524817,0,0,0,0,-0.14037590811511017,0,0,0,0,0,0,1,0,0,0,1,0,1,0,0
R0551,0,0.4300655854407826,-0.2065975875376186,2.0578698706377354,0.009112255533898288,-2.0080257832842485,1.34884543232202,0,0,0,0,-0.1942815358940813,0,1,1,0,0,0,1,0,0,1,0,0,0,1,0
R0552,0,0.3375289208821913,-0.42812078521822916,2.190253158952107,-0.3601286248868955,0.4564581005543203,0.9170718633971352,0,0,0,0,-0.17455320685450343,0,1,1,0,0,1,0,1,0,0,0,0,0,1,0
R0553,0,0.522602249999374,-0.478466966509277,-0.7988221403565956,-0.24583978094712602,-0.26748404032325923,-2.177305380564541,0,0,0,0,-0.27908071748441765,0,0,1,0,0,0,1,0,0,0,1,1,0,0,0
R0554,0,1.7255788892610617,-0.28916532485493707,-1.1681018393387894,-0.33815000105232446,0.918548828774052,-1.0259091967648475,0,0,0,0,-0.05985967048600373,0,0,1,0,0,0,1,1,0,0,0,0,1,0,0
R0555,0,0.2449922563235999,0.3995704352065976,0.07212054592216383,0.2904386406164078,0.14839761507449917,-1.0978714582523283,0,0,0,0,0.003069394792522137,0,0,1,1,0,0,0,0,0,0,1,0,0,0,1
R0556,0,-0.12515440191076557,0.411653518716449,-0.5479906467083128,0.29483436538332203,1.195803265705891,0.9170718633971352,0,0,0,0,0.006679834753674015,0,0,0,1,0,0,0,0,0,0,1,1,0,0,0
R0557,0,-1.8833510285240016,-0.15423755899492886,0.19753629274630496,-0.10517658840587127,1.4576546783637383,0.4852982944722501,0,0,0,0,-0.10777140106037503,0,0,0,0,0,0,1,0,1,0,0,1,0,0,0
R0558,0,-1.0505210474966793,-0.385829992933749,-1.2726149616922404,-0.33375427628541027,0.7029064889381769,1.060996386372097,0,0,0,0,-0.15235923089414283,0,0,0,0,1,0,0,0,0,0,1,0,1,0,0
R0559,0,0.9852855727923309,-0.023337487638204472,-0.9451405116514272,-0.07880223980438594,0.11759156652651716,-1.1698337197398092,0,0,0,0,-0.03535372033838375,0,0,1,0,0,1,0,0,0,0,1,1,0,0,0
R0560,0,-0.4027643955865397,-0.19451450402776718,-0.478315231806012,-0.06561506550364328,0.7337125374861594,-1.0259091967648475,0,0,0,0,-0.15456831840433868,0,0,0,0,0,1,0,0,1,0,0,1,0,0,0
R0561,0,0.05991892720641715,0.35325194841883345,-0.31806177753072046,0.4706633560598905,-0.29829008887124175,-0.5941356278399625,0,0,0,0,-0.08885930193537822,0,0,1,0,1,0,0,0,0,1,0,1,0,0,0
R0562,0,-0.49530106014513103,0.027008693652843377,-0.3110942360404903,0.013507980300812563,-0.5755445258030804,-0.01843753594011562,0,0,0,0,-0.05621126681921141,0,0,0,0,0,0,1,0,0,0,1,1,0,0,0
R0563,0,2.003188882936836,-0.4845085082642028,-0.12993815729450825,-0.5007918174281503,-0.5447384772550984,0.7731473404221734,0,0,0,0,-0.12429551664061733,0,0,1,0,0,1,0,0,0,0,1,1,0,0,0
R0564,0,0.4300655854407826,-0.2287499073056797,0.08605562890262416,-0.100780863638957,-0.09805077330935795,-0.37824884337751985,0,0,0,0,-0.16053926816173547,0,1,1,0,0,0,1,0,0,0,1,0,0,1,0
R0565,0,0.05991892720641715,-0.5771454818397308,-0.8336598478077459,-0.6150806613679197,0.13299459080050788,-1.1698337197398092,0,0,0,0,-0.1312196457110726,0,0,1,1,0,0,0,0,0,1,0,1,0,0,0
R0566,0,-0.032617737352174214,0.17200569577106115,-1.5025438308698333,0.1981284205112094,0.471861124828311,0.4852982944722501,0,0,0,0,-0.06576236233726857,0,0,0,1,0,0,0,0,0,1,0,1,0,0,0
R0567,0,0.05991892720641715,-0.32138688088120776,-1.370160542555462,-0.026053542601415434,-0.8990080355568927,-0.6660978893274434,0,0,0,0,-0.2514532417052963,0,0,1,0,1,0,0,0,0,0,1,1,0,0,0
R0568,0,-0.49530106014513103,-0.21666682379582822,-0.06723028388243768,-0.34694145058615283,-0.02103565193940267,-0.23432432040255835,0,0,0,0,0.015510635455235046,0,0,0,1,0,0,0,0,1,0,0,1,0,0,0
R0569,0,-1.513204370289636,-0.29117917210657907,-0.06723028388243768,-0.1623210103757559,-0.3444991616932145,-0.30628658189003927,0,0,0,0,-0.17405472300780317,0,0,0,0,0,1,0,0,0,1,0,1,0,0,0
R0570,0,-0.3102277310279483,-0.3274284226361334,0.5668159917284987,-0.2106739828118123,-1.792383443448374,-1.5296450271772133,0,0,0,0,-0.17629718819817378,0,0,0,0,0,0,1,0,1,0,0,0,0,0,1
R0571,0,0.4300655854407826,-0.2005560457826929,-0.8197247648272856,-0.21506970757872657,-1.3919048123246063,0.2694115100098077,0,0,0,0,-0.07534095521887538,0,0,1,0,1,0,0,0,0,0,1,1,0,0,0
R0572,0,-0.4027643955865397,-0.019309793134920553,-0.24141882113818955,-0.05682361596981488,0.07138249370454389,1.060996386372097,0,0,0,0,-0.045824204192767004,0,0,0,1,0,0,0,0,0,0,1,1,0,0,0
R0573,0,0.522602249999374,-0.23277760180896354,-0.9451405116514272,-0.2897970286162681,-0.4523203316111523,-0.09039979742759652,0,0,0,0,-0.04801332049884354,0,0,1,0,0,1,0,0,1,0,0,1,0,0,0
R0574,1,0.6151389145579653,0.13374259798986488,-1.014815926553728,0.04867377843612613,0.2716218092664277,-1.0978714582523283,0,0,0,0,-0.012569123394121317,0,0,1,0,0,1,0,0,0,0,1,0,0,0,1
R0575,0,-0.6803743892623138,2.137520613373569,-0.4156073583939414,1.683883391728213,1.0725790715139625,-1.3857205042022518,0,0,1,1,0.08380640556793398,0,0,0,0,0,0,1,0,1,0,0,1,0,0,0
R0576,0,-0.3102277310279483,-0.5247854532970411,-0.6664388520422242,-0.33375427628541027,-1.545935055064517,0.12548698703484587,0,0,0,0,-0.28020126293579384,0,0,0,0,0,1,0,1,0,0,0,1,0,0,0
R0577,0,0.15245559176500853,-0.3958992291919586,-0.29715915306002993,-0.43925167069135124,-0.14425984613133122,0.12548698703484587,0,0,0,0,-0.07919689442350572,0,0,1,0,1,0,0,0,0,1,0,0,0,0,1
R0578,0,-0.12515440191076557,0.19415801553912226,0.9221606077302331,0.378353135954692,0.19460668789647242,0.8451096019096547,0,0,0,0,-0.12483730757576297,0,1,0,0,0,0,1,0,0,1,0,0,0,1,0
R0579,0,-0.032617737352174214,0.049161013420904495,-1.0775237999657985,0.1146096499398393,1.4730577026377296,-0.37824884337751985,0,0,0,0,-0.09293623643022196,0,0,0,0,0,0,1,0,1,0,0,1,0,0,0
R0580,0,-1.0505210474966793,8.791271932798454,0.14179596082446458,-0.5095832669619788,-0.005632627665411396,-0.23432432040255835,0,0,1,0,11.608467034940514,1,0,0,0,0,0,1,0,0,1,0,1,0,0,0
R0581,0,-0.7729110538209052,-0.25492992157702454,-0.8684975552588963,-0.4524388449920939,1.4730577026377296,-0.5221733663524817,0,0,0,0,0.09230077390440784,0,0,0,0,1,0,0,0,0,0,1,1,0,0,0
R0582,0,0.7076755791165568,1.6159341751983134,-1.2238421712606302,1.349808309442733,-0.5909475500770716,-0.8100224123024049,0,0,1,1,0.04647935101717962,0,0,1,1,0,0,0,0,0,0,1,1,0,0,0
R0583,0,-1.975887693082593,-0.19451450402776718,0.06515300443193364,0.026695154601555072,1.226609314253873,0.557260555959731,0,0,0,0,-0.1939538063467172,0,0,0,0,0,0,1,0,0,0,1,1,0,0,0
R0584,0,-0.9579843829380879,-0.4764531192576351,-0.7152116424738345,-0.6854122576385472,-0.05184170048738467,-1.0259091967648475,0,0,0,0,0.18017385050340254,0,0,0,0,0,1,0,0,0,1,0,1,0,0,0
R0585,0,-1.4206677057310448,-0.28513763035165324,-1.1611342978485597,-0.2634226800147828,0.471861124828311,0.1974492485223268,0,0,0,0,-0.11118879966316045,0,0,0,0,0,1,0,0,1,0,0,0,0,0,1
R0586,0,-1.3281310411724534,0.25860112759166354,-1.1332641318876389,0.11900537470675358,4.230199047682128,0.7731473404221734,0,1,0,0,0.018400668252041417,0,0,0,0,0,1,0,0,0,1,0,1,0,0,0
R0587,0,-0.8654477183794965,0.21832418255882524,-0.917270345690507,0.07944385180452573,0.7337125374861594,0.557260555959731,0,0,0,0,0.018296697138845745,0,0,0,1,0,0,0,0,1,0,0,1,0,0,0
R0588,0,-0.9579843829380879,-0.2468745325704569,-0.5828283541594631,-0.14913383607501338,-0.48312638015913434,-1.24179598122729,0,0,0,0,-0.14885952953390447,0,0,0,0,0,1,0,0,0,1,0,0,0,0,1
R0589,0,1.540505560143879,-0.23881914356388925,-0.8475949307882062,-0.1623210103757559,-1.7307713463524097,0.7011850789346928,0,0,0,0,-0.13598301921606323,0,0,1,0,0,0,1,0,1,0,0,1,0,0,0
R0590,0,-1.975887693082593,-0.41201000720509384,-0.17871094772611898,-0.4832089183604934,-1.1762624724887318,2.2843548316592717,0,0,0,0,-0.0538010091931856,0,1,0,0,1,0,0,0,0,0,1,0,0,1,0
R0591,0,2.28079887661261,-0.45228695223793214,0.45533532788481795,-0.412877322089866,0.025173420882570605,0.05352472554736497,0,0,0,0,-0.1617954981732536,0,0,1,0,0,1,0,0,0,0,1,0,0,0,1
R0592,0,1.6330422247024703,0.04110562441433683,-0.02542503494105713,-0.06121934073672916,0.13299459080050788,0.2694115100098077,0,0,0,0,-0.004154315030310925,0,0,1,0,0,0,1,0,0,0,1,0,1,0,0
R0593,0,-0.6803743892623138,-0.4583284939928579,-0.06723028388243768,-0.39089869825529494,0.11759156652651716,0.9170718633971352,0,0,0,0,-0.18364914204601998,0,0,0,0,0,0,1,0,0,0,1,1,0,0,0
R0594,0,-1.1430577120552707,-0.5328408423036087,0.7619071534549416,-0.2766098543155255,1.8581333094875059,-0.37824884337751985,0,0,0,0,-0.31169857517793964,0,0,0,0,0,0,1,0,0,1,0,1,0,0,0
R0595,0,-0.21769106646935696,-0.4422177159797226,-0.06723028388243768,-0.47881319359357916,0.14839761507449917,2.2843548316592717,0,0,0,0,-0.09428910878826714,0,1,0,1,0,0,0,0,0,0,1,0,0,1,0
R0596,0,0.2449922563235999,-0.3777746039271813,-0.5340555637278529,-0.39529442302220913,0.14839761507449917,0.4852982944722501,0,0,0,0,-0.0987260366737706,0,0,1,0,1,0,0,0,0,1,0,1,0,0,0
R0597,0,0.8927489082337394,-0.5751316345880889,0.2741792491388364,-0.351337175353067,-0.3290961374192238,-0.5221733663524817,0,0,0,0,-0.31931701186999306,0,0,1,0,1,0,0,0,0,0,1,0,0,0,1
R0598,0,0.7076755791165568,-0.2992345611131467,1.3680832631049573,-0.2897970286162681,0.25621878499243644,0.1974492485223268,0,0,0,0,-0.10526077710680525,0,0,1,1,0,0,0,0,1,0,0,0,0,0,1
R0599,0,1.3554322310266962,0.3613073374254011,-0.854562472278436,0.18494124621046676,-0.15966287040532195,0.7011850789346928,0,0,0,0,0.03671553380382629,0,0,1,0,0,0,1,0,0,0,1,1,0,0,0
R0600,0,1.540505560143879,0.1800610847776288,2.106642661069346,0.4091232093230916,-1.561338079338508,1.564732216784463,0,0,0,0,-0.14104318237825655,0,1,1,0,0,0,1,0,1,0,0,0,0,1,0
R0601,0,0.2449922563235999,-0.07166982167761037,-1.314420210633621,-0.13594666177427073,-0.4215142830631698,0.2694115100098077,0,0,0,0,-0.032246778235445035,0,0,1,0,0,1,0,0,0,1,0,1,0,0,0
R0602,0,-1.7908143639654102,0.21026879355225758,-1.391063167026152,0.1146096499398393,0.379442979184365,-0.9539469352773667,0,0,0,0,-0.005431300931134937,0,0,0,0,0,1,0,0,1,0,0,1,0,0,0
R0603,0,-0.9579843829380879,0.05923024967911403,-0.31806177753072046,0.07065240227069719,-0.11345379758334867,-1.9614185961020985,0,0,0,0,-0.06668933239846128,0,0,0,0,0,1,0,0,0,1,0,1,0,0,0
R0604,0,1.1703589019095135,-0.3435392006492688,1.096349144985985,-0.0919894141051286,0.8723397559520787,0.7011850789346928,0,0,0,0,-0.24158632859117116,0,0,1,0,0,0,1,0,0,1,0,1,0,0,0
R0605,0,0.6151389145579653,-0.14416832273671934,1.228732433300356,-0.04363644166907222,1.0263699986919892,0.1974492485223268,0,0,0,0,-0.1326831965688919,0,1,1,0,0,0,1,0,0,0,1,0,0,1,0
R0606,0,0.8002122436751481,-0.5912424126012242,-1.474673664908913,-0.1623210103757559,1.1649972171579084,-2.0333808575895795,0,0,0,0,-0.39223487166046633,0,0,1,0,1,0,0,0,0,0,1,1,0,0,0
R0607,0,-1.1430577120552707,-0.573117787336447,-1.7115700755767356,-0.48760464312740764,-0.4677233558851431,-1.24179598122729,0,0,0,0,-0.24360879724271256,0,0,0,1,0,0,0,0,0,1,0,1,0,0,0
R0608,0,-0.21769106646935696,-0.14416832273671934,0.2950818736095264,-0.17990390944341283,1.442251654089748,-2.177305380564541,0,0,0,0,-0.05580072843236085,0,0,0,0,0,0,1,0,1,0,0,0,0,0,1
R0609,0,-1.8833510285240016,0.9352538041433467,1.6676875471848513,0.9849631537888534,-0.3444991616932145,0.4133360329847692,0,0,0,1,-0.04238598593972588,0,1,0,0,0,1,0,0,0,0,1,0,0,1,0
R0610,0,-0.21769106646935696,-0.09986368320059719,-0.4504450658450918,-0.05242789120290061,0.9339518530480426,-0.37824884337751985,0,0,0,0,-0.10000713287694922,0,0,0,0,0,1,0,0,0,0,1,1,0,0,0
R0611,0,-0.4027643955865397,-0.5912424126012242,1.1242193109469047,-0.6326635604355766,-0.6833656957210181,1.6366944782719437,0,0,0,0,-0.1324242231459493,0,0,0,0,0,0,1,0,1,0,0,0,0,0,1
R0612,0,-1.975887693082593,-0.03743441839969793,0.476237952355508,0.24648139294726565,0.7029064889381769,-1.5296450271772133,0,0,0,0,-0.18772148847150466,0,0,0,0,1,0,0,0,1,0,0,1,0,0,0
R0613,0,1.262895566468105,0.3270719341474886,-1.3353228351043116,0.4091232093230916,0.7953246345821233,-0.6660978893274434,0,0,0,0,-0.07812477998241381,0,0,1,0,1,0,0,0,0,0,1,1,0,0,0
R0614,0,-0.21769106646935696,-0.11194676671044868,0.36475728851182715,0.009112255533898288,-0.4215142830631698,-0.09039979742759652,0,0,0,0,-0.13738874366375825,0,0,0,0,1,0,0,0,0,0,1,0,0,0,1
R0615,0,0.3375289208821913,-0.19451450402776718,0.3438546640411371,-0.48760464312740764,0.31783088208840043,-1.24179598122729,0,0,0,0,0.21356542603666961,0,0,1,0,0,0,1,0,1,0,0,1,0,0,0
R0616,0,-0.032617737352174214,-0.2831237831000114,-1.1402316733778692,-0.4700217440597508,-0.2212749675012865,-1.0259091967648475,0,0,0,0,0.08275255217096221,0,0,0,0,0,0,1,0,1,0,0,1,0,0,0
R0617,0,-0.7729110538209052,-0.18847296227284138,-0.06026274239220751,-0.1623210103757559,1.5346697997336936,0.3413737714972886,0,0,0,0,-0.09937561172400562,0,0,0,1,0,0,0,0,0,0,1,1,0,0,0
R0618,0,0.6151389145579653,-0.05354519641283317,-2.2620058533049114,-0.08759368933821433,0.21000971217046316,-0.5941356278399625,0,0,0,0,-0.05007282744652511,0,0,1,0,0,1,0,0,0,0,1,1,0,0,0
R0619,0,-0.21769106646935696,-0.0052128623734272765,1.5631744248314003,-0.07880223980438594,0.14839761507449917,0.7731473404221734,0,0,0,0,-0.023396491042441493,0,0,0,0,0,1,0,0,0,1,0,0,0,0,1
R0620,0,-0.21769106646935696,0.21832418255882524,-0.7430818084347551,0.11021392517292519,0.6104883432942309,0.7011850789346928,0,0,0,0,0.0012947588791527083,0,0,0,0,1,0,0,0,1,0,0,1,0,0,0
R0621,0,0.6151389145579653,-0.40798231270181,0.009412672510093242,-0.25463123048095443,-0.5139324287071163,0.7731473404221734,0,0,0,0,-0.2176108820310804,0,0,1,0,0,1,0,0,0,0,1,1,0,0,0
R0622,0,-1.3281310411724534,-0.3536084369074783,1.4934990099290995,-0.4568345697590081,-0.5601415015290896,-0.45021110486500077,0,0,0,0,-0.014163411091232857,0,1,0,1,0,0,0,0,0,1,0,0,0,1,0
R0623,0,0.8927489082337394,-0.5046469807806219,-0.06026274239220751,-0.6634336338039761,-0.17506589467931322,-0.09039979742759652,0,0,0,0,0.07414349978834726,0,0,1,0,0,1,0,0,1,0,0,1,0,0,0
R0624,1,-0.4027643955865397,0.008884068388066178,-0.3807696509427911,-0.008470643533758496,0.6258913675682215,-0.01843753594011562,0,0,0,0,-0.05536058765708465,0,0,0,0,1,0,0,0,0,0,1,1,0,0,0
R0625,0,0.8927489082337394,-0.08778059969074568,1.4934990099290995,-0.16671673514267019,-0.11345379758334867,-0.5941356278399625,0,0,0,0,-0.0231451378740583,0,0,1,0,1,0,0,0,0,1,0,0,1,0,0
R0626,0,-0.49530106014513103,0.09749334746031048,-1.1332641318876389,-0.004074918766844377,0.6258913675682215,0.2694115100098077,0,0,0,0,-0.0037610209123179025,0,0,0,0,1,0,0,0,0,1,0,1,0,0,0
R0627,0,-0.3102277310279483,0.4237366022263004,1.6676875471848513,0.6772624201048586,-0.7911868656389555,0.3413737714972886,0,0,0,0,-0.12530958093615097,0,1,0,1,0,0,0,0,1,0,0,0,0,1,0
R0628,0,2.095725547495427,-0.4140238544567358,-0.30412669455026015,-0.412877322089866,-0.23667799177527724,-0.01843753594011562,0,0,0,0,-0.12168059024242212,0,0,1,1,0,0,0,0,0,1,0,1,0,0,0
R0629,0,0.05991892720641715,0.11159027822180376,0.35082220553136684,0.0530695032030404,0.7645185860341414,-0.8100224123024049,0,0,0,0,-0.027749714001247854,0,0,1,0,0,0,1,0,1,0,0,0,0,0,1
R0630,0,1.6330422247024703,1.0037246106991717,-0.06026274239220751,0.6948453191725154,-0.5909475500770716,-0.23432432040255835,0,0,1,0,0.07575191973957321,0,0,1,0,0,1,0,0,0,0,1,1,0,0,0
R0631,0,0.8927489082337394,0.027008693652843377,0.35082220553136684,-0.17990390944341283,0.441055076280329,-0.45021110486500077,0,0,0,0,0.071399955622459,0,0,1,0,1,0,0,0,1,0,0,1,0,0,0
R0632,0,-1.1430577120552707,-0.526799300548683,0.43443270341412793,-0.5403533403303782,-0.6987687199950089,-0.8819846737898859,0,0,0,0,-0.14011233478116736,0,0,0,0,1,0,0,0,1,0,0,0,0,0,1
R0633,0,-0.5878377247037224,0.006870221136424308,1.3053753896928872,0.16735834714280998,0.7491155617601502,2.2843548316592717,0,0,0,0,-0.1374304845237951,0,1,0,1,0,0,0,0,0,1,0,0,0,1,0
R0634,0,-0.5878377247037224,-0.5852008708462985,-0.40863981690371126,-0.6370592852024908,0.16380063934848987,-1.0978714582523283,0,0,0,0,-0.11615870008190278,0,0,0,0,0,1,0,0,1,0,0,1,0,0,0
R0635,0,1.262895566468105,-0.5046469807806219,-0.4643801488255522,-0.5271661660296355,0.17920366362248116,0.7011850789346928,0,0,0,0,-0.12395588650216785,0,0,1,1,0,0,0,0,0,0,1,1,0,0,0
R0636,0,-0.3102277310279483,0.9654615129179751,0.17663366827561494,-0.1623210103757559,-1.0222322297488213,-0.37824884337751985,0,0,1,0,0.7396661679939542,0,0,0,0,0,1,0,0,0,0,1,0,0,0,1
R0637,0,1.6330422247024703,-0.5690900928331631,1.166024559888286,-0.557936239398035,1.5346697997336936,-0.8819846737898859,0,0,0,0,-0.18119316746875436,0,0,1,0,0,1,0,0,0,0,1,0,0,0,1
R0638,0,-0.3102277310279483,-0.24284683806717308,1.6885901716555414,-0.22386115711255494,-0.43691730733716105,0.7731473404221734,0,0,0,0,-0.1026787917488704,0,1,0,0,0,0,1,0,0,0,1,0,0,1,0
R0639,0,-0.032617737352174214,-0.3113176446229981,1.2984078482026566,-0.12715521224044232,-0.3444991616932145,-0.30628658189003927,0,0,0,0,-0.2050011911969652,0,0,0,0,0,0,1,0,0,1,0,0,0,0,1
R0640,0,-1.975887693082593,-0.548951620316744,1.0615114375348347,-0.1623210103757559,1.195803265705891,1.1329586478595777,0,0,0,0,-0.361484649367138,0,1,0,0,0,0,1,0,0,1,0,0,0,1,0
R0641,0,0.05991892720641715,0.3915150462000299,0.48320549384573863,0.5761607504658315,0.4564581005543203,0.9890341248846158,0,0,0,0,-0.10781392938319173,0,1,1,0,1,0,0,0,0,0,1,0,0,1,0
R0642,0,-0.032617737352174214,-0.546937773065102,1.2775052237319666,-0.6018934870671772,-0.06724472476137594,1.6366944782719437,0,0,0,0,-0.09951182533327844,0,0,0,0,1,0,0,0,1,0,0,0,0,0,1
R0643,0,0.4300655854407826,-0.23479144906060542,0.10695825337331419,-0.1930910837441555,1.3498335084458015,0.12548698703484587,0,0,0,0,-0.11541742761046926,0,0,1,0,0,0,1,0,0,1,0,1,0,0,0
R0644,0,-1.975887693082593,-0.0394482656513398,-0.4156073583939414,0.0618609527368688,-0.39070823451518777,0.05352472554736497,0,0,0,0,-0.11863388837425765,0,0,0,0,1,0,0,0,0,0,1,1,0,0,0
